panel	method	fsize	sigma	iteration	mu_size	mu_count
A	cs2	5	0.50	2	382.82	62.9
A	cs2	5	0.50	3	380.32	63.2
A	cs2	5	0.50	4	378.48	63.45
A	cs2	5	0.50	5	374.88	64.45
A	cs2	5	0.50	6	373.98	64.55
A	cs2	5	0.50	7	372.96	64.8
A	cs2	5	0.50	8	372.7	64.9
A	cs2	5	0.50	9	373.21	64.85
A	cs2	5	0.50	10	372.14	65.05
A	cs2	5	0.50	11	371.92	65.1
A	cs2	5	0.50	12	372.35	65.05
A	cs2	5	0.50	13	372.95	64.95
A	cs2	5	0.50	14	372.78	65.0
A	cs2	5	0.50	15	372.9	65.0
A	cs2	5	0.50	16	372.45	65.05
A	cs2	5	0.50	17	372.37	65.1
A	cs2	5	0.50	18	372.43	65.05
A	cs2	5	0.50	19	372.51	65.1
A	cs2	5	0.50	20	372.46	65.1
A	cs2	5	0.50	21	372.45	65.1
A	cs2	5	0.50	22	372.43	65.1
A	cs2	5	0.50	23	372.39	65.1
A	cs2	5	0.50	24	372.48	65.1
A	cs2	5	0.50	25	372.71	65.1
A	cs2	5	0.50	26	372.71	65.1
A	cs2	5	0.50	27	372.68	65.1
A	cs2	5	0.50	28	372.68	65.1
A	cs2	5	0.50	29	372.5	65.1
A	cs2	5	0.50	30	372.63	65.05
A	cs2	5	0.50	31	372.63	65.05
A	cs2	5	0.50	32	372.89	65.0
A	cs2	5	0.50	33	373.0	64.95
A	cs2	5	0.50	34	373.0	64.95
A	cs2	5	0.50	35	373.0	64.95
A	cs2	5	0.50	36	372.99	64.95
A	cs2	5	0.50	37	372.99	64.95
A	cs2	5	0.50	38	372.98	64.95
A	cs2	5	0.50	39	372.98	64.95
A	cs2	5	0.50	40	372.98	64.95
A	cs2	5	0.50	41	372.98	64.95
A	cs2	5	0.50	42	372.98	64.95
A	cs2	5	0.50	43	372.98	64.95
A	cs2	5	0.50	44	373.1	64.95
A	cs2	5	0.50	45	372.98	64.95
A	cs2	5	0.50	46	372.98	64.95
A	cs2	5	0.50	47	372.98	64.95
A	cs2	5	0.50	48	372.98	64.95
A	cs2	5	0.50	49	372.98	64.95
A	cs2	5	0.50	50	372.98	64.95
A	cs2	5	0.50	51	372.98	64.95
A	cs2	5	0.50	52	372.98	64.95
A	cs2	5	0.50	53	372.98	64.95
A	cs2	5	0.50	54	372.98	64.95
A	cs2	5	0.50	55	372.98	64.95
A	cs2	5	0.50	56	372.98	64.95
A	cs2	5	0.50	57	372.98	64.95
A	cs2	5	0.50	58	372.98	64.95
A	cs2	5	0.50	59	372.98	64.95
A	cs2	5	0.50	60	372.98	64.95
A	cs2	5	0.50	61	372.98	64.95
A	cs2	5	0.50	62	372.98	64.95
A	cs2	5	0.50	63	372.98	64.95
A	cs2	5	0.50	64	372.98	64.95
A	cs2	5	0.50	65	372.98	64.95
A	cs2	5	0.50	66	372.98	64.95
A	cs2	5	0.50	67	372.98	64.95
A	cs2	5	0.50	68	372.98	64.95
A	cs2	5	0.50	69	372.98	64.95
A	cs2	5	0.50	70	372.98	64.95
A	cs2	5	0.50	71	372.98	64.95
A	cs2	5	0.50	72	372.98	64.95
A	cs2	5	0.50	73	372.98	64.95
A	cs2	5	0.50	74	372.98	64.95
A	cs2	5	0.50	75	372.98	64.95
A	cs2	5	0.50	76	372.98	64.95
A	cs2	5	0.50	77	372.98	64.95
A	cs2	5	0.50	78	372.98	64.95
A	cs2	5	0.50	79	372.98	64.95
A	cs2	5	0.50	80	372.98	64.95
A	cs2	5	0.50	81	372.98	64.95
A	cs2	5	0.50	82	372.98	64.95
A	cs2	5	0.50	83	372.98	64.95
A	cs2	5	0.50	84	372.98	64.95
A	cs2	5	0.50	85	372.98	64.95
A	cs2	5	0.50	86	372.98	64.95
A	cs2	5	0.50	87	372.98	64.95
A	cs2	5	0.50	88	372.98	64.95
A	cs2	5	0.50	89	372.98	64.95
A	cs2	5	0.50	90	372.98	64.95
A	cs2	5	0.50	91	372.98	64.95
A	cs2	5	0.50	92	372.98	64.95
A	cs2	5	0.50	93	372.98	64.95
A	cs2	5	0.50	94	372.98	64.95
A	cs2	5	0.50	95	372.98	64.95
A	cs2	5	0.50	96	372.98	64.95
A	cs2	5	0.50	97	372.98	64.95
A	cs2	5	0.50	98	372.98	64.95
A	cs2	5	0.50	99	372.98	64.95
A	cs2	5	0.50	100	372.98	64.95
A	cs2	5	0.50	101	372.98	64.95
A	cs2	5	0.50	102	372.98	64.95
A	cs2	5	0.50	103	372.98	64.95
A	cs2	5	0.50	104	372.98	64.95
A	cs2	5	0.50	105	372.98	64.95
A	cs2	5	0.50	106	372.98	64.95
A	cs2	5	0.50	107	372.98	64.95
A	cs2	5	0.50	108	372.98	64.95
A	cs2	5	0.50	109	372.98	64.95
A	cs2	5	0.50	110	372.98	64.95
A	cs2	5	0.50	111	372.98	64.95
A	cs2	5	0.50	112	372.98	64.95
A	cs2	5	0.50	113	372.98	64.95
A	cs2	5	0.50	114	372.98	64.95
A	cs2	5	0.50	115	372.98	64.95
A	cs2	5	0.50	116	372.98	64.95
A	cs2	5	0.50	117	372.98	64.95
A	cs2	5	0.50	118	372.98	64.95
A	cs2	5	0.50	119	372.98	64.95
A	cs2	5	0.50	120	372.98	64.95
A	cs2	5	0.50	121	372.98	64.95
A	cs2	5	0.50	122	372.98	64.95
A	cs2	5	0.50	123	372.98	64.95
A	cs2	5	0.50	124	372.98	64.95
A	cs2	5	0.50	125	372.98	64.95
A	cs2	5	0.50	126	372.98	64.95
A	cs2	5	0.50	127	372.98	64.95
A	cs2	5	0.50	128	372.98	64.95
A	cs2	5	0.50	129	372.98	64.95
A	cs2	5	0.50	130	372.98	64.95
A	cs2	5	0.50	131	372.98	64.95
A	cs2	5	0.50	132	372.98	64.95
A	cs2	5	0.50	133	372.98	64.95
A	cs2	5	0.50	134	372.98	64.95
A	cs2	5	0.50	135	372.98	64.95
A	cs2	5	0.50	136	372.98	64.95
A	cs2	5	0.50	137	372.98	64.95
A	cs2	5	0.50	138	372.98	64.95
A	cs2	5	0.50	139	372.98	64.95
A	cs2	5	0.50	140	372.98	64.95
A	cs2	5	0.50	141	372.98	64.95
A	cs2	5	0.50	142	372.98	64.95
A	cs2	5	0.50	143	372.98	64.95
A	cs2	5	0.50	144	372.98	64.95
A	cs2	5	0.50	145	372.98	64.95
A	cs2	5	0.50	146	372.98	64.95
A	cs2	5	0.50	147	372.98	64.95
A	cs2	5	0.50	148	372.98	64.95
A	cs2	5	0.50	149	372.98	64.95
A	cs2	5	0.50	150	372.98	64.95
A	cs2	5	0.50	151	372.98	64.95
A	cs2	5	0.50	152	372.98	64.95
A	cs2	5	0.50	153	372.98	64.95
A	cs2	5	0.50	154	372.98	64.95
A	cs2	5	0.50	155	372.98	64.95
A	cs2	5	0.50	156	372.98	64.95
A	cs2	5	0.50	157	372.98	64.95
A	cs2	5	0.50	158	372.98	64.95
A	cs2	5	0.50	159	372.98	64.95
A	cs2	5	0.50	160	372.98	64.95
A	cs2	5	0.50	161	372.98	64.95
A	cs2	5	0.50	162	372.98	64.95
A	cs2	5	0.50	163	372.98	64.95
A	cs2	5	0.50	164	372.98	64.95
A	cs2	5	0.50	165	372.98	64.95
A	cs2	5	0.50	166	372.98	64.95
A	cs2	5	0.50	167	372.98	64.95
A	cs2	5	0.50	168	372.98	64.95
A	cs2	5	0.50	169	372.98	64.95
A	cs2	5	0.50	170	372.98	64.95
A	cs2	5	0.50	171	372.98	64.95
A	cs2	5	0.50	172	372.98	64.95
A	cs2	5	0.50	173	372.98	64.95
A	cs2	5	0.50	174	372.98	64.95
A	cs2	5	0.50	175	372.98	64.95
A	cs2	5	0.50	176	372.98	64.95
A	cs2	5	0.50	177	372.98	64.95
A	cs2	5	0.50	178	372.98	64.95
A	cs2	5	0.50	179	372.98	64.95
A	cs2	5	0.50	180	372.98	64.95
A	cs2	5	0.50	181	372.98	64.95
A	cs2	5	0.50	182	372.98	64.95
A	cs2	5	0.50	183	372.98	64.95
A	cs2	5	0.50	184	372.98	64.95
A	cs2	5	0.50	185	372.98	64.95
A	cs2	5	0.50	186	372.98	64.95
A	cs2	5	0.50	187	372.98	64.95
A	cs2	5	0.50	188	372.98	64.95
A	cs2	5	0.50	189	372.98	64.95
A	cs2	5	0.50	190	372.98	64.95
A	cs2	5	0.50	191	372.98	64.95
A	cs2	5	0.50	192	372.98	64.95
A	cs2	5	0.50	193	372.98	64.95
A	cs2	5	0.50	194	372.98	64.95
A	cs2	5	0.50	195	372.98	64.95
A	cs2	5	0.50	196	372.98	64.95
A	cs2	5	0.50	197	372.98	64.95
A	cs2	5	0.50	198	372.98	64.95
A	cs2	5	0.50	199	372.98	64.95
A	cs2	5	0.50	200	372.98	64.95
A	cs2	5	0.50	201	372.98	64.95
A	cs2	5	0.50	202	372.98	64.95
A	cs2	5	0.50	203	372.98	64.95
A	cs2	5	0.50	204	372.98	64.95
A	cs2	5	0.50	205	372.98	64.95
A	cs2	5	0.50	206	372.98	64.95
A	cs2	5	0.50	207	372.98	64.95
A	cs2	5	0.50	208	372.98	64.95
A	cs2	5	0.50	209	372.98	64.95
A	cs2	5	0.50	210	372.98	64.95
A	cs2	5	0.50	211	372.98	64.95
A	cs2	5	0.50	212	372.98	64.95
A	cs2	5	0.50	213	372.98	64.95
A	cs2	5	0.50	214	372.98	64.95
A	cs2	5	0.50	215	372.98	64.95
A	cs2	5	0.50	216	372.98	64.95
A	cs2	5	0.50	217	372.98	64.95
A	cs2	5	0.50	218	372.98	64.95
A	cs2	5	0.50	219	372.98	64.95
A	cs2	5	0.50	220	372.98	64.95
A	cs2	5	0.50	221	372.98	64.95
A	cs2	5	0.50	222	372.98	64.95
A	cs2	5	0.50	223	372.98	64.95
A	cs2	5	0.50	224	372.98	64.95
A	cs2	5	0.50	225	372.98	64.95
A	cs2	5	0.50	226	372.98	64.95
A	cs2	5	0.50	227	372.98	64.95
A	cs2	5	0.50	228	372.98	64.95
A	cs2	5	0.50	229	372.98	64.95
A	cs2	5	0.50	230	372.98	64.95
A	cs2	5	0.50	231	372.98	64.95
A	cs2	5	0.50	232	372.98	64.95
A	cs2	5	0.50	233	372.98	64.95
A	cs2	5	0.50	234	372.98	64.95
A	cs2	5	0.50	235	372.98	64.95
A	cs2	5	0.50	236	372.98	64.95
A	cs2	5	0.50	237	372.98	64.95
A	cs2	5	0.50	238	372.98	64.95
A	cs2	5	0.50	239	372.98	64.95
A	cs2	5	0.50	240	372.98	64.95
A	cs2	5	0.50	241	372.98	64.95
A	cs2	5	0.50	242	372.98	64.95
A	cs2	5	0.50	243	372.98	64.95
A	cs2	5	0.50	244	372.98	64.95
A	cs2	5	0.50	245	372.98	64.95
A	cs2	5	0.50	246	372.98	64.95
A	cs2	5	0.50	247	372.98	64.95
A	cs2	5	0.50	248	372.98	64.95
A	cs2	5	0.50	249	372.98	64.95
A	cs2	5	0.50	250	372.98	64.95
A	cs2	5	0.50	251	372.98	64.95
A	cs2	5	0.50	252	372.98	64.95
A	cs2	5	0.50	253	372.98	64.95
A	cs2	5	0.50	254	372.98	64.95
A	cs2	5	0.50	255	372.98	64.95
A	cs2	5	0.50	256	372.98	64.95
A	cs2	5	0.50	257	372.98	64.95
A	cs2	5	0.50	258	372.98	64.95
A	cs2	5	0.50	259	372.98	64.95
A	cs2	5	0.50	260	372.98	64.95
A	cs2	5	0.50	261	372.98	64.95
A	cs2	5	0.50	262	372.98	64.95
A	cs2	5	0.50	263	372.98	64.95
A	cs2	5	0.50	264	372.98	64.95
A	cs2	5	0.50	265	372.98	64.95
A	cs2	5	0.50	266	372.98	64.95
A	cs2	5	0.50	267	372.98	64.95
A	cs2	5	0.50	268	372.98	64.95
A	cs2	5	0.50	269	372.98	64.95
A	cs2	5	0.50	270	372.98	64.95
A	cs2	5	0.50	271	372.98	64.95
A	cs2	5	0.50	272	372.98	64.95
A	cs2	5	0.50	273	372.98	64.95
A	cs2	5	0.50	274	372.98	64.95
A	cs2	5	0.50	275	372.98	64.95
A	cs2	5	0.50	276	372.98	64.95
A	cs2	5	0.50	277	372.98	64.95
A	cs2	5	0.50	278	372.98	64.95
A	cs2	5	0.50	279	372.98	64.95
A	cs2	5	0.50	280	372.98	64.95
A	cs2	5	0.50	281	372.98	64.95
A	cs2	5	0.50	282	372.98	64.95
A	cs2	5	0.50	283	372.98	64.95
A	cs2	5	0.50	284	372.98	64.95
A	cs2	5	0.50	285	372.98	64.95
A	cs2	5	0.50	286	372.98	64.95
A	cs2	5	0.50	287	372.98	64.95
A	cs2	5	0.50	288	372.98	64.95
A	cs2	5	0.50	289	372.98	64.95
A	cs2	5	0.50	290	372.98	64.95
A	cs2	5	0.50	291	372.98	64.95
A	cs2	5	0.50	292	372.98	64.95
A	cs2	5	0.50	293	372.98	64.95
A	cs2	5	0.50	294	372.98	64.95
A	cs2	5	0.50	295	372.98	64.95
A	cs2	5	0.50	296	372.98	64.95
A	cs2	5	0.50	297	372.98	64.95
A	cs2	5	0.50	298	372.98	64.95
A	cs2	5	0.50	299	372.98	64.95
A	cs2	5	0.50	300	372.98	64.95
A	cs2	5	0.75	2	379.17	62.65
A	cs2	5	0.75	3	374.35	62.65
A	cs2	5	0.75	4	372.47	62.75
A	cs2	5	0.75	5	370.7	62.9
A	cs2	5	0.75	6	370.54	62.95
A	cs2	5	0.75	7	369.63	63.05
A	cs2	5	0.75	8	369.07	63.2
A	cs2	5	0.75	9	368.48	63.35
A	cs2	5	0.75	10	368.42	63.4
A	cs2	5	0.75	11	367.72	63.55
A	cs2	5	0.75	12	365.99	63.9
A	cs2	5	0.75	13	365.66	64.05
A	cs2	5	0.75	14	365.05	64.1
A	cs2	5	0.75	15	363.73	64.45
A	cs2	5	0.75	16	361.86	65.05
A	cs2	5	0.75	17	360.17	65.45
A	cs2	5	0.75	18	358.96	65.7
A	cs2	5	0.75	19	358.73	65.75
A	cs2	5	0.75	20	356.83	66.2
A	cs2	5	0.75	21	356.28	66.35
A	cs2	5	0.75	22	355.08	66.6
A	cs2	5	0.75	23	353.58	67.05
A	cs2	5	0.75	24	352.59	67.2
A	cs2	5	0.75	25	352.29	67.3
A	cs2	5	0.75	26	351.96	67.5
A	cs2	5	0.75	27	350.22	67.9
A	cs2	5	0.75	28	349.48	68.1
A	cs2	5	0.75	29	347.79	68.5
A	cs2	5	0.75	30	347.22	68.65
A	cs2	5	0.75	31	346.67	68.9
A	cs2	5	0.75	32	344.4	69.4
A	cs2	5	0.75	33	342.86	69.85
A	cs2	5	0.75	34	341.15	70.25
A	cs2	5	0.75	35	339.53	70.65
A	cs2	5	0.75	36	339.77	70.55
A	cs2	5	0.75	37	339.65	70.75
A	cs2	5	0.75	38	336.57	71.5
A	cs2	5	0.75	39	333.92	72.2
A	cs2	5	0.75	40	332.55	72.6
A	cs2	5	0.75	41	330.01	73.3
A	cs2	5	0.75	42	328.4	73.65
A	cs2	5	0.75	43	327.59	74.2
A	cs2	5	0.75	44	325.56	74.65
A	cs2	5	0.75	45	324.0	75.05
A	cs2	5	0.75	46	322.92	75.35
A	cs2	5	0.75	47	321.61	75.75
A	cs2	5	0.75	48	321.62	75.8
A	cs2	5	0.75	49	318.95	76.5
A	cs2	5	0.75	50	317.85	76.85
A	cs2	5	0.75	51	317.09	77.1
A	cs2	5	0.75	52	315.61	77.6
A	cs2	5	0.75	53	315.85	77.65
A	cs2	5	0.75	54	314.47	78.15
A	cs2	5	0.75	55	313.16	78.55
A	cs2	5	0.75	56	310.52	79.45
A	cs2	5	0.75	57	308.1	80.15
A	cs2	5	0.75	58	307.24	80.5
A	cs2	5	0.75	59	305.83	80.95
A	cs2	5	0.75	60	304.99	81.2
A	cs2	5	0.75	61	303.81	81.55
A	cs2	5	0.75	62	301.8	82.2
A	cs2	5	0.75	63	299.48	82.95
A	cs2	5	0.75	64	297.85	83.6
A	cs2	5	0.75	65	295.61	84.25
A	cs2	5	0.75	66	294.47	84.6
A	cs2	5	0.75	67	293.56	85.0
A	cs2	5	0.75	68	292.82	85.35
A	cs2	5	0.75	69	292.26	85.75
A	cs2	5	0.75	70	290.58	86.3
A	cs2	5	0.75	71	281.42	6560.7
A	cs2	5	0.75	72	278.65	6183.75
A	cs2	5	0.75	73	277.31	15639.0
A	cs2	5	0.75	74	276.82	15226.0
A	cs2	5	0.75	75	264.46	22289.95
A	cs2	5	0.75	76	263.76	21540.35
A	cs2	5	0.75	77	252.29	33777.6
A	cs2	5	0.75	78	251.24	33051.05
A	cs2	5	0.75	79	249.32	32347.65
A	cs2	5	0.75	80	248.41	31666.65
A	cs2	5	0.75	81	246.99	31009.75
A	cs2	5	0.75	82	246.08	30367.0
A	cs2	5	0.75	83	245.43	29741.85
A	cs2	5	0.75	84	244.99	29158.1
A	cs2	5	0.75	85	244.11	28591.35
A	cs2	5	0.75	86	243.72	28034.7
A	cs2	5	0.75	87	243.21	27502.35
A	cs2	5	0.75	88	242.53	26997.9
A	cs2	5	0.75	89	241.67	26512.15
A	cs2	5	0.75	90	242.01	26038.7
A	cs2	5	0.75	91	240.48	25599.4
A	cs2	5	0.75	92	238.7	25123.5
A	cs2	5	0.75	93	237.84	24712.65
A	cs2	5	0.75	94	229.15	39794.85
A	cs2	5	0.75	95	228.38	39206.1
A	cs2	5	0.75	96	227.26	38632.9
A	cs2	5	0.75	97	226.03	38081.2
A	cs2	5	0.75	98	225.42	45906.05
A	cs2	5	0.75	99	224.97	45235.1
A	cs2	5	0.75	100	224.72	44581.0
A	cs2	5	0.75	101	223.99	43952.45
A	cs2	5	0.75	102	223.67	43472.95
A	cs2	5	0.75	103	222.84	43016.3
A	cs2	5	0.75	104	221.7	42583.8
A	cs2	5	0.75	105	221.17	42150.7
A	cs2	5	0.75	106	219.79	41740.4
A	cs2	5	0.75	107	218.38	41344.35
A	cs2	5	0.75	108	217.83	40988.8
A	cs2	5	0.75	109	217.27	40647.0
A	cs2	5	0.75	110	217.41	40304.0
A	cs2	5	0.75	111	210.25	45650.9
A	cs2	5	0.75	112	209.35	45135.2
A	cs2	5	0.75	113	208.82	44656.75
A	cs2	5	0.75	114	208.88	44188.25
A	cs2	5	0.75	115	208.45	43736.5
A	cs2	5	0.75	116	208.07	37266.7
A	cs2	5	0.75	117	208.37	36840.25
A	cs2	5	0.75	118	207.97	36438.15
A	cs2	5	0.75	119	207.12	45626.15
A	cs2	5	0.75	120	206.76	45178.9
A	cs2	5	0.75	121	206.03	44765.65
A	cs2	5	0.75	122	205.62	44421.8
A	cs2	5	0.75	123	197.16	51245.0
A	cs2	5	0.75	124	196.83	50772.3
A	cs2	5	0.75	125	196.64	50325.75
A	cs2	5	0.75	126	196.42	49905.45
A	cs2	5	0.75	127	196.08	49489.1
A	cs2	5	0.75	128	195.08	49084.25
A	cs2	5	0.75	129	194.89	38859.6
A	cs2	5	0.75	130	189.01	54967.95
A	cs2	5	0.75	131	188.85	54427.05
A	cs2	5	0.75	132	188.42	61939.9
A	cs2	5	0.75	133	187.62	61365.85
A	cs2	5	0.75	134	186.95	60812.55
A	cs2	5	0.75	135	186.51	60275.05
A	cs2	5	0.75	136	186.18	59746.4
A	cs2	5	0.75	137	185.67	59239.6
A	cs2	5	0.75	138	185.61	58730.85
A	cs2	5	0.75	139	185.3	58251.3
A	cs2	5	0.75	140	184.96	57768.6
A	cs2	5	0.75	141	184.78	57318.9
A	cs2	5	0.75	142	184.21	56887.15
A	cs2	5	0.75	143	184.22	56452.5
A	cs2	5	0.75	144	175.08	70323.4
A	cs2	5	0.75	145	175.02	69834.15
A	cs2	5	0.75	146	174.89	69331.6
A	cs2	5	0.75	147	166.33	72981.7
A	cs2	5	0.75	148	165.96	72467.8
A	cs2	5	0.75	149	165.72	71966.85
A	cs2	5	0.75	150	165.52	71476.35
A	cs2	5	0.75	151	165.04	70993.2
A	cs2	5	0.75	152	164.98	70529.65
A	cs2	5	0.75	153	164.61	70060.5
A	cs2	5	0.75	154	164.29	69612.45
A	cs2	5	0.75	155	163.78	69171.75
A	cs2	5	0.75	156	162.44	68756.35
A	cs2	5	0.75	157	162.03	68342.8
A	cs2	5	0.75	158	161.6	67935.7
A	cs2	5	0.75	159	161.51	67548.05
A	cs2	5	0.75	160	161.11	67158.4
A	cs2	5	0.75	161	160.81	66796.4
A	cs2	5	0.75	162	160.8	75572.45
A	cs2	5	0.75	163	160.94	75171.55
A	cs2	5	0.75	164	160.76	74786.6
A	cs2	5	0.75	165	160.69	74400.85
A	cs2	5	0.75	166	160.64	74031.85
A	cs2	5	0.75	167	161.27	73668.3
A	cs2	5	0.75	168	161.04	73306.95
A	cs2	5	0.75	169	160.03	72961.75
A	cs2	5	0.75	170	159.48	72620.65
A	cs2	5	0.75	171	159.26	72305.25
A	cs2	5	0.75	172	159.18	71970.65
A	cs2	5	0.75	173	159.05	71645.15
A	cs2	5	0.75	174	158.97	71329.0
A	cs2	5	0.75	175	158.82	71020.1
A	cs2	5	0.75	176	158.33	70723.8
A	cs2	5	0.75	177	158.03	70434.95
A	cs2	5	0.75	178	157.81	70164.45
A	cs2	5	0.75	179	157.26	69895.05
A	cs2	5	0.75	180	156.68	69640.35
A	cs2	5	0.75	181	156.9	69380.8
A	cs2	5	0.75	182	155.78	69130.3
A	cs2	5	0.75	183	155.61	68930.75
A	cs2	5	0.75	184	155.48	68742.0
A	cs2	5	0.75	185	155.37	68577.35
A	cs2	5	0.75	186	155.12	68406.35
A	cs2	5	0.75	187	154.84	68244.7
A	cs2	5	0.75	188	153.89	61727.95
A	cs2	5	0.75	189	153.78	61585.7
A	cs2	5	0.75	190	153.64	61448.2
A	cs2	5	0.75	191	153.22	61319.4
A	cs2	5	0.75	192	152.69	53124.9
A	cs2	5	0.75	193	152.57	53007.15
A	cs2	5	0.75	194	152.44	52891.75
A	cs2	5	0.75	195	152.3	52786.0
A	cs2	5	0.75	196	152.26	52670.55
A	cs2	5	0.75	197	152.83	52566.6
A	cs2	5	0.75	198	152.55	52465.3
A	cs2	5	0.75	199	152.27	52371.15
A	cs2	5	0.75	200	151.97	52283.9
A	cs2	5	0.75	201	151.83	52191.7
A	cs2	5	0.75	202	151.69	52104.35
A	cs2	5	0.75	203	151.7	52016.0
A	cs2	5	0.75	204	151.07	51934.45
A	cs2	5	0.75	205	150.86	51884.05
A	cs2	5	0.75	206	141.68	58580.2
A	cs2	5	0.75	207	141.55	58508.95
A	cs2	5	0.75	208	132.41	61825.95
A	cs2	5	0.75	209	132.34	61747.15
A	cs2	5	0.75	210	132.12	61670.0
A	cs2	5	0.75	211	132.08	61601.8
A	cs2	5	0.75	212	132.05	61529.6
A	cs2	5	0.75	213	132.02	61474.55
A	cs2	5	0.75	214	131.81	61405.15
A	cs2	5	0.75	215	131.64	61342.3
A	cs2	5	0.75	216	131.43	61284.25
A	cs2	5	0.75	217	131.17	61226.55
A	cs2	5	0.75	218	131.12	61171.5
A	cs2	5	0.75	219	130.85	61129.6
A	cs2	5	0.75	220	130.79	61080.25
A	cs2	5	0.75	221	130.68	61036.65
A	cs2	5	0.75	222	130.5	60997.25
A	cs2	5	0.75	223	130.29	60948.5
A	cs2	5	0.75	224	121.82	71738.45
A	cs2	5	0.75	225	121.62	71708.6
A	cs2	5	0.75	226	121.57	71685.4
A	cs2	5	0.75	227	121.41	71660.15
A	cs2	5	0.75	228	121.59	66560.65
A	cs2	5	0.75	229	120.82	61285.5
A	cs2	5	0.75	230	120.63	61262.25
A	cs2	5	0.75	231	120.51	61252.2
A	cs2	5	0.75	232	120.13	53625.35
A	cs2	5	0.75	233	120.01	53610.0
A	cs2	5	0.75	234	120.0	53597.65
A	cs2	5	0.75	235	119.99	53586.35
A	cs2	5	0.75	236	120.03	53576.25
A	cs2	5	0.75	237	119.89	53571.35
A	cs2	5	0.75	238	119.77	53561.5
A	cs2	5	0.75	239	119.65	53557.05
A	cs2	5	0.75	240	119.58	53553.85
A	cs2	5	0.75	241	119.45	53552.55
A	cs2	5	0.75	242	119.36	53553.45
A	cs2	5	0.75	243	119.29	53555.3
A	cs2	5	0.75	244	119.17	53553.8
A	cs2	5	0.75	245	119.15	53558.95
A	cs2	5	0.75	246	119.14	53566.8
A	cs2	5	0.75	247	118.88	53559.3
A	cs2	5	0.75	248	118.77	53575.65
A	cs2	5	0.75	249	118.76	53580.65
A	cs2	5	0.75	250	118.74	53607.4
A	cs2	5	0.75	251	118.37	53617.2
A	cs2	5	0.75	252	118.26	53618.8
A	cs2	5	0.75	253	118.24	53625.4
A	cs2	5	0.75	254	118.17	53638.0
A	cs2	5	0.75	255	118.18	53644.1
A	cs2	5	0.75	256	118.08	53656.7
A	cs2	5	0.75	257	118.01	53673.95
A	cs2	5	0.75	258	117.94	53682.7
A	cs2	5	0.75	259	117.88	53696.5
A	cs2	5	0.75	260	116.83	48175.6
A	cs2	5	0.75	261	116.79	48175.75
A	cs2	5	0.75	262	116.72	48173.6
A	cs2	5	0.75	263	116.56	48174.75
A	cs2	5	0.75	264	116.55	48170.75
A	cs2	5	0.75	265	112.6	55662.35
A	cs2	5	0.75	266	112.49	55656.85
A	cs2	5	0.75	267	112.46	55653.05
A	cs2	5	0.75	268	112.55	55647.65
A	cs2	5	0.75	269	112.53	55643.2
A	cs2	5	0.75	270	112.45	55636.5
A	cs2	5	0.75	271	112.38	55631.7
A	cs2	5	0.75	272	112.35	55624.65
A	cs2	5	0.75	273	112.44	55619.65
A	cs2	5	0.75	274	112.43	55617.6
A	cs2	5	0.75	275	105.45	59468.2
A	cs2	5	0.75	276	105.55	59463.0
A	cs2	5	0.75	277	105.53	59475.4
A	cs2	5	0.75	278	105.62	59497.2
A	cs2	5	0.75	279	105.23	53463.65
A	cs2	5	0.75	280	105.22	53480.95
A	cs2	5	0.75	281	105.16	53501.55
A	cs2	5	0.75	282	105.2	53552.2
A	cs2	5	0.75	283	97.63	56230.05
A	cs2	5	0.75	284	97.53	56265.2
A	cs2	5	0.75	285	97.49	56302.4
A	cs2	5	0.75	286	97.35	56343.5
A	cs2	5	0.75	287	97.34	56378.3
A	cs2	5	0.75	288	97.45	56408.1
A	cs2	5	0.75	289	97.43	56443.05
A	cs2	5	0.75	290	97.37	56476.75
A	cs2	5	0.75	291	97.33	56516.1
A	cs2	5	0.75	292	97.3	56556.75
A	cs2	5	0.75	293	97.19	56596.3
A	cs2	5	0.75	294	97.05	56626.2
A	cs2	5	0.75	295	97.03	56660.9
A	cs2	5	0.75	296	97.05	56698.85
A	cs2	5	0.75	297	96.94	56733.05
A	cs2	5	0.75	298	92.34	59805.6
A	cs2	5	0.75	299	92.34	59849.85
A	cs2	5	0.75	300	92.35	59900.15
A	cs2	5	1.00	2	377.96	62.7
A	cs2	5	1.00	3	369.53	62.6
A	cs2	5	1.00	4	365.24	62.6
A	cs2	5	1.00	5	363.34	62.5
A	cs2	5	1.00	6	362.14	62.5
A	cs2	5	1.00	7	361.01	62.55
A	cs2	5	1.00	8	360.23	62.55
A	cs2	5	1.00	9	359.1	62.6
A	cs2	5	1.00	10	358.4	62.65
A	cs2	5	1.00	11	357.91	62.75
A	cs2	5	1.00	12	357.72	62.75
A	cs2	5	1.00	13	357.12	62.8
A	cs2	5	1.00	14	356.34	62.85
A	cs2	5	1.00	15	355.51	63.0
A	cs2	5	1.00	16	355.18	63.05
A	cs2	5	1.00	17	354.27	63.15
A	cs2	5	1.00	18	353.99	63.3
A	cs2	5	1.00	19	352.74	63.5
A	cs2	5	1.00	20	351.94	63.6
A	cs2	5	1.00	21	351.94	63.55
A	cs2	5	1.00	22	351.64	63.65
A	cs2	5	1.00	23	351.66	63.65
A	cs2	5	1.00	24	350.44	64.0
A	cs2	5	1.00	25	349.7	64.1
A	cs2	5	1.00	26	349.59	64.15
A	cs2	5	1.00	27	349.63	64.1
A	cs2	5	1.00	28	348.72	64.25
A	cs2	5	1.00	29	349.09	64.25
A	cs2	5	1.00	30	349.13	64.35
A	cs2	5	1.00	31	347.89	64.55
A	cs2	5	1.00	32	346.43	64.8
A	cs2	5	1.00	33	346.89	64.7
A	cs2	5	1.00	34	345.66	64.95
A	cs2	5	1.00	35	345.19	65.0
A	cs2	5	1.00	36	345.52	65.0
A	cs2	5	1.00	37	345.04	65.05
A	cs2	5	1.00	38	344.17	65.2
A	cs2	5	1.00	39	344.14	65.35
A	cs2	5	1.00	40	343.89	65.45
A	cs2	5	1.00	41	343.36	65.55
A	cs2	5	1.00	42	342.8	65.65
A	cs2	5	1.00	43	343.08	65.55
A	cs2	5	1.00	44	342.22	65.8
A	cs2	5	1.00	45	341.26	66.0
A	cs2	5	1.00	46	341.73	66.05
A	cs2	5	1.00	47	341.62	66.05
A	cs2	5	1.00	48	340.13	66.35
A	cs2	5	1.00	49	340.17	66.3
A	cs2	5	1.00	50	339.96	66.4
A	cs2	5	1.00	51	339.39	66.5
A	cs2	5	1.00	52	338.84	66.6
A	cs2	5	1.00	53	338.74	66.65
A	cs2	5	1.00	54	337.85	66.9
A	cs2	5	1.00	55	336.95	67.1
A	cs2	5	1.00	56	336.32	67.3
A	cs2	5	1.00	57	335.81	67.4
A	cs2	5	1.00	58	335.17	67.55
A	cs2	5	1.00	59	333.99	67.85
A	cs2	5	1.00	60	332.26	68.25
A	cs2	5	1.00	61	332.17	68.25
A	cs2	5	1.00	62	331.69	68.3
A	cs2	5	1.00	63	329.77	68.9
A	cs2	5	1.00	64	328.37	69.3
A	cs2	5	1.00	65	328.63	69.3
A	cs2	5	1.00	66	328.36	69.3
A	cs2	5	1.00	67	328.04	69.45
A	cs2	5	1.00	68	327.73	69.5
A	cs2	5	1.00	69	326.81	69.65
A	cs2	5	1.00	70	325.77	69.9
A	cs2	5	1.00	71	325.92	69.85
A	cs2	5	1.00	72	324.77	70.3
A	cs2	5	1.00	73	323.61	70.55
A	cs2	5	1.00	74	324.01	70.55
A	cs2	5	1.00	75	323.04	70.7
A	cs2	5	1.00	76	323.33	70.65
A	cs2	5	1.00	77	322.25	70.95
A	cs2	5	1.00	78	321.83	71.1
A	cs2	5	1.00	79	321.58	71.2
A	cs2	5	1.00	80	321.75	71.15
A	cs2	5	1.00	81	320.86	71.4
A	cs2	5	1.00	82	319.86	71.7
A	cs2	5	1.00	83	319.44	71.8
A	cs2	5	1.00	84	319.06	71.8
A	cs2	5	1.00	85	319.05	71.85
A	cs2	5	1.00	86	318.1	72.05
A	cs2	5	1.00	87	316.43	72.5
A	cs2	5	1.00	88	317.14	72.4
A	cs2	5	1.00	89	316.81	72.6
A	cs2	5	1.00	90	315.38	73.0
A	cs2	5	1.00	91	314.87	73.15
A	cs2	5	1.00	92	314.5	73.25
A	cs2	5	1.00	93	314.22	73.45
A	cs2	5	1.00	94	313.54	73.65
A	cs2	5	1.00	95	312.82	73.85
A	cs2	5	1.00	96	311.96	74.1
A	cs2	5	1.00	97	311.92	74.15
A	cs2	5	1.00	98	311.34	74.35
A	cs2	5	1.00	99	310.17	74.75
A	cs2	5	1.00	100	309.35	74.95
A	cs2	5	1.00	101	309.34	75.0
A	cs2	5	1.00	102	309.17	75.1
A	cs2	5	1.00	103	308.19	75.4
A	cs2	5	1.00	104	307.53	75.55
A	cs2	5	1.00	105	306.03	75.95
A	cs2	5	1.00	106	305.18	76.15
A	cs2	5	1.00	107	304.53	76.4
A	cs2	5	1.00	108	302.86	76.9
A	cs2	5	1.00	109	303.23	76.85
A	cs2	5	1.00	110	302.14	77.2
A	cs2	5	1.00	111	301.31	77.45
A	cs2	5	1.00	112	300.33	77.75
A	cs2	5	1.00	113	299.43	78.1
A	cs2	5	1.00	114	298.04	78.5
A	cs2	5	1.00	115	297.09	78.75
A	cs2	5	1.00	116	296.35	79.15
A	cs2	5	1.00	117	295.42	79.45
A	cs2	5	1.00	118	294.84	79.65
A	cs2	5	1.00	119	294.71	79.85
A	cs2	5	1.00	120	294.22	80.05
A	cs2	5	1.00	121	293.6	80.2
A	cs2	5	1.00	122	292.79	80.4
A	cs2	5	1.00	123	292.57	80.5
A	cs2	5	1.00	124	291.02	81.0
A	cs2	5	1.00	125	290.61	81.2
A	cs2	5	1.00	126	290.24	81.35
A	cs2	5	1.00	127	289.4	81.55
A	cs2	5	1.00	128	288.29	81.9
A	cs2	5	1.00	129	287.55	82.15
A	cs2	5	1.00	130	286.61	82.45
A	cs2	5	1.00	131	285.22	82.9
A	cs2	5	1.00	132	285.09	82.95
A	cs2	5	1.00	133	283.98	83.35
A	cs2	5	1.00	134	282.9	83.8
A	cs2	5	1.00	135	282.0	84.15
A	cs2	5	1.00	136	281.17	84.5
A	cs2	5	1.00	137	273.38	7009.4
A	cs2	5	1.00	138	273.49	6883.45
A	cs2	5	1.00	139	272.7	6758.35
A	cs2	5	1.00	140	270.2	14846.85
A	cs2	5	1.00	141	269.36	14742.0
A	cs2	5	1.00	142	268.77	14640.35
A	cs2	5	1.00	143	267.87	14541.95
A	cs2	5	1.00	144	258.25	22075.85
A	cs2	5	1.00	145	257.7	21780.55
A	cs2	5	1.00	146	256.81	21496.65
A	cs2	5	1.00	147	246.14	30422.15
A	cs2	5	1.00	148	245.43	30113.7
A	cs2	5	1.00	149	244.26	29815.8
A	cs2	5	1.00	150	243.81	29513.6
A	cs2	5	1.00	151	243.09	29220.3
A	cs2	5	1.00	152	241.27	28924.55
A	cs2	5	1.00	153	239.96	28643.9
A	cs2	5	1.00	154	239.28	28355.65
A	cs2	5	1.00	155	238.16	28082.55
A	cs2	5	1.00	156	237.54	27813.35
A	cs2	5	1.00	157	236.46	27547.5
A	cs2	5	1.00	158	235.96	27286.9
A	cs2	5	1.00	159	236.25	27031.25
A	cs2	5	1.00	160	235.57	26786.15
A	cs2	5	1.00	161	235.19	26536.3
A	cs2	5	1.00	162	234.68	26300.4
A	cs2	5	1.00	163	234.4	26072.9
A	cs2	5	1.00	164	232.61	34370.45
A	cs2	5	1.00	165	231.79	34132.3
A	cs2	5	1.00	166	230.43	33887.95
A	cs2	5	1.00	167	228.91	33636.75
A	cs2	5	1.00	168	228.0	33391.2
A	cs2	5	1.00	169	227.39	33155.15
A	cs2	5	1.00	170	226.68	32921.6
A	cs2	5	1.00	171	219.43	40105.6
A	cs2	5	1.00	172	217.86	39800.35
A	cs2	5	1.00	173	217.73	39488.45
A	cs2	5	1.00	174	216.75	39178.9
A	cs2	5	1.00	175	215.61	38875.25
A	cs2	5	1.00	176	215.7	38583.15
A	cs2	5	1.00	177	213.54	47655.15
A	cs2	5	1.00	178	212.96	47374.05
A	cs2	5	1.00	179	212.31	47105.6
A	cs2	5	1.00	180	211.72	46836.25
A	cs2	5	1.00	181	211.29	46574.3
A	cs2	5	1.00	182	210.84	46314.6
A	cs2	5	1.00	183	210.28	46060.2
A	cs2	5	1.00	184	209.94	45803.45
A	cs2	5	1.00	185	207.99	45552.1
A	cs2	5	1.00	186	207.08	45310.6
A	cs2	5	1.00	187	206.97	45067.2
A	cs2	5	1.00	188	206.31	44831.95
A	cs2	5	1.00	189	205.61	44598.3
A	cs2	5	1.00	190	204.92	44363.9
A	cs2	5	1.00	191	198.74	54783.35
A	cs2	5	1.00	192	198.09	54514.5
A	cs2	5	1.00	193	197.53	54247.7
A	cs2	5	1.00	194	197.36	53980.05
A	cs2	5	1.00	195	196.92	53711.85
A	cs2	5	1.00	196	196.07	53447.35
A	cs2	5	1.00	197	195.58	53189.75
A	cs2	5	1.00	198	195.06	52938.45
A	cs2	5	1.00	199	195.01	52694.6
A	cs2	5	1.00	200	194.2	52450.2
A	cs2	5	1.00	201	193.91	52212.85
A	cs2	5	1.00	202	193.16	51982.8
A	cs2	5	1.00	203	191.92	51754.55
A	cs2	5	1.00	204	191.48	51528.5
A	cs2	5	1.00	205	182.86	62860.5
A	cs2	5	1.00	206	181.8	62590.55
A	cs2	5	1.00	207	181.62	62328.5
A	cs2	5	1.00	208	180.9	62061.9
A	cs2	5	1.00	209	179.91	61805.25
A	cs2	5	1.00	210	179.34	61552.25
A	cs2	5	1.00	211	178.99	61294.45
A	cs2	5	1.00	212	178.54	61049.35
A	cs2	5	1.00	213	173.92	74800.45
A	cs2	5	1.00	214	174.04	74527.65
A	cs2	5	1.00	215	173.77	74269.3
A	cs2	5	1.00	216	173.51	74014.1
A	cs2	5	1.00	217	173.47	73760.9
A	cs2	5	1.00	218	173.13	73520.05
A	cs2	5	1.00	219	172.43	73291.2
A	cs2	5	1.00	220	172.22	73061.65
A	cs2	5	1.00	221	170.44	78225.05
A	cs2	5	1.00	222	170.15	78028.95
A	cs2	5	1.00	223	169.82	77836.85
A	cs2	5	1.00	224	169.19	77648.2
A	cs2	5	1.00	225	168.36	77464.05
A	cs2	5	1.00	226	168.03	77282.5
A	cs2	5	1.00	227	167.89	77110.9
A	cs2	5	1.00	228	160.13	92648.75
A	cs2	5	1.00	229	159.62	92463.8
A	cs2	5	1.00	230	159.32	92279.25
A	cs2	5	1.00	231	158.97	92094.95
A	cs2	5	1.00	232	158.85	91919.3
A	cs2	5	1.00	233	152.59	100880.95
A	cs2	5	1.00	234	152.17	100648.15
A	cs2	5	1.00	235	152.02	100420.35
A	cs2	5	1.00	236	151.93	100192.7
A	cs2	5	1.00	237	151.68	99966.0
A	cs2	5	1.00	238	151.58	99753.3
A	cs2	5	1.00	239	151.31	99539.0
A	cs2	5	1.00	240	151.23	99329.6
A	cs2	5	1.00	241	150.95	99125.7
A	cs2	5	1.00	242	150.67	98925.05
A	cs2	5	1.00	243	150.2	98730.5
A	cs2	5	1.00	244	149.77	98555.8
A	cs2	5	1.00	245	149.35	98396.6
A	cs2	5	1.00	246	149.28	98241.4
A	cs2	5	1.00	247	149.08	98098.05
A	cs2	5	1.00	248	148.67	97956.3
A	cs2	5	1.00	249	148.36	97811.4
A	cs2	5	1.00	250	148.24	97677.95
A	cs2	5	1.00	251	148.3	97544.35
A	cs2	5	1.00	252	148.06	97411.95
A	cs2	5	1.00	253	147.72	97286.7
A	cs2	5	1.00	254	147.55	97156.95
A	cs2	5	1.00	255	147.46	97043.4
A	cs2	5	1.00	256	147.13	96928.1
A	cs2	5	1.00	257	147.04	96817.15
A	cs2	5	1.00	258	146.6	96703.5
A	cs2	5	1.00	259	146.24	96597.55
A	cs2	5	1.00	260	145.92	96495.0
A	cs2	5	1.00	261	145.74	96401.85
A	cs2	5	1.00	262	145.93	96299.35
A	cs2	5	1.00	263	144.48	105479.65
A	cs2	5	1.00	264	144.06	105401.15
A	cs2	5	1.00	265	143.69	105319.2
A	cs2	5	1.00	266	143.26	105246.4
A	cs2	5	1.00	267	143.02	105171.1
A	cs2	5	1.00	268	142.81	105102.95
A	cs2	5	1.00	269	142.82	105033.85
A	cs2	5	1.00	270	142.34	104964.55
A	cs2	5	1.00	271	142.17	104906.15
A	cs2	5	1.00	272	141.93	104852.75
A	cs2	5	1.00	273	141.26	104798.05
A	cs2	5	1.00	274	141.17	104749.5
A	cs2	5	1.00	275	140.88	104703.0
A	cs2	5	1.00	276	140.28	104685.8
A	cs2	5	1.00	277	140.09	104674.85
A	cs2	5	1.00	278	139.77	104668.7
A	cs2	5	1.00	279	139.59	104665.15
A	cs2	5	1.00	280	139.14	104663.0
A	cs2	5	1.00	281	139.2	104670.05
A	cs2	5	1.00	282	139.03	104672.7
A	cs2	5	1.00	283	138.85	104685.4
A	cs2	5	1.00	284	138.53	104730.15
A	cs2	5	1.00	285	127.18	130823.2
A	cs2	5	1.00	286	126.82	130853.05
A	cs2	5	1.00	287	126.78	130892.05
A	cs2	5	1.00	288	126.45	130918.4
A	cs2	5	1.00	289	126.23	130949.05
A	cs2	5	1.00	290	126.08	130978.6
A	cs2	5	1.00	291	125.81	131010.65
A	cs2	5	1.00	292	125.4	131051.3
A	cs2	5	1.00	293	125.17	131084.05
A	cs2	5	1.00	294	124.99	131119.9
A	cs2	5	1.00	295	124.55	131170.35
A	cs2	5	1.00	296	124.42	131220.25
A	cs2	5	1.00	297	124.16	131262.75
A	cs2	5	1.00	298	124.05	131320.5
A	cs2	5	1.00	299	123.69	131375.6
A	cs2	5	1.00	300	123.56	131430.35
B	cs3	3	Default	2	378.33	62.7
B	cs3	3	Default	3	372.23	62.6
B	cs3	3	Default	4	368.79	62.75
B	cs3	3	Default	5	367.01	62.75
B	cs3	3	Default	6	365.81	62.8
B	cs3	3	Default	7	364.11	63.1
B	cs3	3	Default	8	363.38	63.15
B	cs3	3	Default	9	360.9	63.5
B	cs3	3	Default	10	360.39	63.6
B	cs3	3	Default	11	360.2	63.65
B	cs3	3	Default	12	356.73	64.3
B	cs3	3	Default	13	355.44	64.55
B	cs3	3	Default	14	353.96	64.85
B	cs3	3	Default	15	352.78	65.2
B	cs3	3	Default	16	350.23	65.55
B	cs3	3	Default	17	348.99	65.9
B	cs3	3	Default	18	348.22	66.1
B	cs3	3	Default	19	347.63	66.15
B	cs3	3	Default	20	344.84	66.75
B	cs3	3	Default	21	343.28	67.2
B	cs3	3	Default	22	342.49	67.35
B	cs3	3	Default	23	342.63	67.35
B	cs3	3	Default	24	340.13	67.85
B	cs3	3	Default	25	340.1	68.0
B	cs3	3	Default	26	338.95	68.3
B	cs3	3	Default	27	338.22	68.5
B	cs3	3	Default	28	337.16	68.8
B	cs3	3	Default	29	335.43	69.15
B	cs3	3	Default	30	334.78	69.45
B	cs3	3	Default	31	332.73	69.8
B	cs3	3	Default	32	331.13	70.3
B	cs3	3	Default	33	331.06	70.3
B	cs3	3	Default	34	329.95	70.7
B	cs3	3	Default	35	327.69	71.3
B	cs3	3	Default	36	325.64	71.85
B	cs3	3	Default	37	326.1	71.8
B	cs3	3	Default	38	323.23	72.65
B	cs3	3	Default	39	322.71	72.85
B	cs3	3	Default	40	320.3	73.5
B	cs3	3	Default	41	319.79	73.65
B	cs3	3	Default	42	320.39	73.55
B	cs3	3	Default	43	316.89	74.7
B	cs3	3	Default	44	315.59	75.05
B	cs3	3	Default	45	314.19	75.5
B	cs3	3	Default	46	313.08	75.85
B	cs3	3	Default	47	310.7	76.45
B	cs3	3	Default	48	308.6	77.45
B	cs3	3	Default	49	307.58	77.75
B	cs3	3	Default	50	307.13	77.75
B	cs3	3	Default	51	306.88	77.85
B	cs3	3	Default	52	305.94	78.15
B	cs3	3	Default	53	302.11	79.4
B	cs3	3	Default	54	302.08	79.35
B	cs3	3	Default	55	301.38	79.6
B	cs3	3	Default	56	303.62	78.85
B	cs3	3	Default	57	302.09	79.2
B	cs3	3	Default	58	300.33	79.85
B	cs3	3	Default	59	299.11	80.3
B	cs3	3	Default	60	297.35	81.0
B	cs3	3	Default	61	296.82	81.15
B	cs3	3	Default	62	295.86	81.4
B	cs3	3	Default	63	296.13	81.45
B	cs3	3	Default	64	294.62	81.9
B	cs3	3	Default	65	293.4	82.4
B	cs3	3	Default	66	292.23	82.65
B	cs3	3	Default	67	290.42	83.25
B	cs3	3	Default	68	289.43	83.7
B	cs3	3	Default	69	289.27	83.9
B	cs3	3	Default	70	288.1	84.5
B	cs3	3	Default	71	286.61	84.9
B	cs3	3	Default	72	285.88	85.15
B	cs3	3	Default	73	285.05	85.45
B	cs3	3	Default	74	285.33	85.5
B	cs3	3	Default	75	284.26	86.15
B	cs3	3	Default	76	283.84	86.35
B	cs3	3	Default	77	283.04	86.5
B	cs3	3	Default	78	280.64	87.45
B	cs3	3	Default	79	280.85	87.35
B	cs3	3	Default	80	280.17	87.8
B	cs3	3	Default	81	278.93	88.15
B	cs3	3	Default	82	278.31	88.35
B	cs3	3	Default	83	269.24	7765.0
B	cs3	3	Default	84	268.38	7617.75
B	cs3	3	Default	85	267.84	7470.65
B	cs3	3	Default	86	267.14	7327.85
B	cs3	3	Default	87	265.84	7186.8
B	cs3	3	Default	88	253.95	14778.5
B	cs3	3	Default	89	253.35	14599.3
B	cs3	3	Default	90	242.94	24866.1
B	cs3	3	Default	91	242.3	24711.7
B	cs3	3	Default	92	241.0	24558.7
B	cs3	3	Default	93	240.62	24402.5
B	cs3	3	Default	94	239.56	24257.05
B	cs3	3	Default	95	239.28	24110.3
B	cs3	3	Default	96	239.21	23965.7
B	cs3	3	Default	97	238.15	23820.35
B	cs3	3	Default	98	237.7	23678.6
B	cs3	3	Default	99	237.06	23542.0
B	cs3	3	Default	100	237.05	23408.45
B	cs3	3	Default	101	236.93	23279.55
B	cs3	3	Default	102	236.94	23150.15
B	cs3	3	Default	103	235.57	23028.4
B	cs3	3	Default	104	234.54	22907.9
B	cs3	3	Default	105	233.85	22783.8
B	cs3	3	Default	106	233.18	22666.8
B	cs3	3	Default	107	232.48	22552.7
B	cs3	3	Default	108	223.39	32000.7
B	cs3	3	Default	109	222.99	31817.65
B	cs3	3	Default	110	224.09	31644.15
B	cs3	3	Default	111	224.11	31466.75
B	cs3	3	Default	112	223.89	31297.05
B	cs3	3	Default	113	223.31	31122.05
B	cs3	3	Default	114	222.92	30963.3
B	cs3	3	Default	115	221.19	30800.5
B	cs3	3	Default	116	220.47	30638.9
B	cs3	3	Default	117	219.84	30492.1
B	cs3	3	Default	118	219.59	30348.1
B	cs3	3	Default	119	219.37	30198.5
B	cs3	3	Default	120	218.24	30057.55
B	cs3	3	Default	121	217.33	29908.45
B	cs3	3	Default	122	216.8	29773.45
B	cs3	3	Default	123	216.18	29641.7
B	cs3	3	Default	124	215.54	29513.1
B	cs3	3	Default	125	214.72	29390.0
B	cs3	3	Default	126	213.97	29263.65
B	cs3	3	Default	127	206.36	35677.95
B	cs3	3	Default	128	205.22	35535.9
B	cs3	3	Default	129	205.16	35401.75
B	cs3	3	Default	130	204.28	35260.6
B	cs3	3	Default	131	203.76	35138.65
B	cs3	3	Default	132	204.18	29740.5
B	cs3	3	Default	133	203.6	29674.35
B	cs3	3	Default	134	203.29	29612.0
B	cs3	3	Default	135	203.24	29563.8
B	cs3	3	Default	136	202.66	29513.8
B	cs3	3	Default	137	202.4	29467.4
B	cs3	3	Default	138	201.57	29425.7
B	cs3	3	Default	139	201.51	29382.3
B	cs3	3	Default	140	191.86	39432.5
B	cs3	3	Default	141	191.49	39366.2
B	cs3	3	Default	142	191.01	39298.45
B	cs3	3	Default	143	191.08	39264.3
B	cs3	3	Default	144	190.68	39232.5
B	cs3	3	Default	145	190.09	39220.05
B	cs3	3	Default	146	189.66	39191.4
B	cs3	3	Default	147	184.92	51491.6
B	cs3	3	Default	148	184.75	51594.05
B	cs3	3	Default	149	184.5	51675.35
B	cs3	3	Default	150	183.86	51761.65
B	cs3	3	Default	151	183.28	51859.45
B	cs3	3	Default	152	182.31	46263.0
B	cs3	3	Default	153	182.49	46327.8
B	cs3	3	Default	154	182.09	46396.1
B	cs3	3	Default	155	181.57	46459.1
B	cs3	3	Default	156	181.52	46525.75
B	cs3	3	Default	157	180.87	46594.35
B	cs3	3	Default	158	180.79	46656.7
B	cs3	3	Default	159	180.23	46715.15
B	cs3	3	Default	160	179.66	46774.15
B	cs3	3	Default	161	179.78	46839.65
B	cs3	3	Default	162	170.36	57980.6
B	cs3	3	Default	163	169.79	57991.35
B	cs3	3	Default	164	162.97	65436.1
B	cs3	3	Default	165	162.76	65479.65
B	cs3	3	Default	166	162.34	65518.85
B	cs3	3	Default	167	162.04	65564.35
B	cs3	3	Default	168	161.73	65592.7
B	cs3	3	Default	169	161.6	65616.0
B	cs3	3	Default	170	161.33	65640.1
B	cs3	3	Default	171	161.12	65624.3
B	cs3	3	Default	172	160.78	65599.55
B	cs3	3	Default	173	160.62	65569.1
B	cs3	3	Default	174	159.9	65543.1
B	cs3	3	Default	175	161.15	55905.1
B	cs3	3	Default	176	160.67	55902.7
B	cs3	3	Default	177	160.62	55904.05
B	cs3	3	Default	178	161.45	55905.15
B	cs3	3	Default	179	160.09	55922.0
B	cs3	3	Default	180	159.75	55933.6
B	cs3	3	Default	181	159.65	55941.8
B	cs3	3	Default	182	159.36	55952.1
B	cs3	3	Default	183	158.77	55967.45
B	cs3	3	Default	184	158.48	55974.25
B	cs3	3	Default	185	157.59	56022.45
B	cs3	3	Default	186	157.24	56067.1
B	cs3	3	Default	187	157.04	56113.75
B	cs3	3	Default	188	157.1	56162.45
B	cs3	3	Default	189	156.98	56217.8
B	cs3	3	Default	190	156.74	56267.2
B	cs3	3	Default	191	156.7	56315.45
B	cs3	3	Default	192	156.35	56373.15
B	cs3	3	Default	193	156.15	56413.15
B	cs3	3	Default	194	155.88	56445.25
B	cs3	3	Default	195	155.13	49718.0
B	cs3	3	Default	196	155.05	49735.45
B	cs3	3	Default	197	154.74	49753.15
B	cs3	3	Default	198	154.27	49768.9
B	cs3	3	Default	199	154.19	49774.45
B	cs3	3	Default	200	154.03	49789.9
B	cs3	3	Default	201	153.37	49813.15
B	cs3	3	Default	202	153.16	49834.75
B	cs3	3	Default	203	152.69	49848.6
B	cs3	3	Default	204	152.09	49870.75
B	cs3	3	Default	205	151.79	49895.6
B	cs3	3	Default	206	151.28	49916.65
B	cs3	3	Default	207	150.98	49944.3
B	cs3	3	Default	208	150.68	49971.45
B	cs3	3	Default	209	150.13	42715.55
B	cs3	3	Default	210	149.63	42748.15
B	cs3	3	Default	211	149.36	42783.0
B	cs3	3	Default	212	148.87	42817.8
B	cs3	3	Default	213	148.76	42851.4
B	cs3	3	Default	214	148.54	42892.15
B	cs3	3	Default	215	148.07	42926.9
B	cs3	3	Default	216	147.88	42957.25
B	cs3	3	Default	217	147.66	42985.25
B	cs3	3	Default	218	147.67	43029.4
B	cs3	3	Default	219	147.3	43072.4
B	cs3	3	Default	220	134.91	50117.85
B	cs3	3	Default	221	134.79	50157.25
B	cs3	3	Default	222	134.56	50202.45
B	cs3	3	Default	223	134.59	50249.35
B	cs3	3	Default	224	133.59	50295.6
B	cs3	3	Default	225	133.33	50357.5
B	cs3	3	Default	226	133.08	50420.6
B	cs3	3	Default	227	132.42	44233.3
B	cs3	3	Default	228	132.44	44293.9
B	cs3	3	Default	229	132.26	44357.6
B	cs3	3	Default	230	132.12	44416.95
B	cs3	3	Default	231	132.47	37984.25
B	cs3	3	Default	232	132.29	38058.0
B	cs3	3	Default	233	132.15	38131.35
B	cs3	3	Default	234	132.15	38202.35
B	cs3	3	Default	235	125.01	46995.85
B	cs3	3	Default	236	124.88	47034.35
B	cs3	3	Default	237	124.84	47096.55
B	cs3	3	Default	238	124.49	47141.9
B	cs3	3	Default	239	124.5	47182.7
B	cs3	3	Default	240	124.44	47226.3
B	cs3	3	Default	241	124.32	47269.95
B	cs3	3	Default	242	124.26	47325.5
B	cs3	3	Default	243	124.17	47368.9
B	cs3	3	Default	244	124.11	47421.65
B	cs3	3	Default	245	124.05	47471.55
B	cs3	3	Default	246	123.99	47524.1
B	cs3	3	Default	247	124.01	47576.25
B	cs3	3	Default	248	123.95	47622.35
B	cs3	3	Default	249	123.84	47672.9
B	cs3	3	Default	250	123.86	47721.45
B	cs3	3	Default	251	123.87	47769.1
B	cs3	3	Default	252	123.68	47818.7
B	cs3	3	Default	253	123.06	47865.65
B	cs3	3	Default	254	122.91	47913.05
B	cs3	3	Default	255	122.85	47960.5
B	cs3	3	Default	256	122.74	48003.05
B	cs3	3	Default	257	122.56	48043.4
B	cs3	3	Default	258	122.44	48089.7
B	cs3	3	Default	259	122.45	48143.1
B	cs3	3	Default	260	122.33	48183.0
B	cs3	3	Default	261	122.28	48232.1
B	cs3	3	Default	262	122.2	48285.45
B	cs3	3	Default	263	122.05	48333.1
B	cs3	3	Default	264	122.05	48388.3
B	cs3	3	Default	265	118.14	51625.35
B	cs3	3	Default	266	117.95	51684.8
B	cs3	3	Default	267	117.88	51748.95
B	cs3	3	Default	268	117.84	51808.8
B	cs3	3	Default	269	117.74	51862.6
B	cs3	3	Default	270	117.82	51914.6
B	cs3	3	Default	271	117.86	51971.4
B	cs3	3	Default	272	117.92	52028.55
B	cs3	3	Default	273	117.96	52075.35
B	cs3	3	Default	274	114.16	55134.6
B	cs3	3	Default	275	114.15	55196.2
B	cs3	3	Default	276	106.56	63392.4
B	cs3	3	Default	277	105.86	63435.45
B	cs3	3	Default	278	105.85	63478.0
B	cs3	3	Default	279	105.91	63519.2
B	cs3	3	Default	280	106.49	54895.75
B	cs3	3	Default	281	106.38	54932.9
B	cs3	3	Default	282	106.25	54965.05
B	cs3	3	Default	283	106.31	55003.25
B	cs3	3	Default	284	106.27	55032.1
B	cs3	3	Default	285	106.35	55067.3
B	cs3	3	Default	286	106.27	55106.1
B	cs3	3	Default	287	106.24	55138.55
B	cs3	3	Default	288	103.17	57034.35
B	cs3	3	Default	289	103.15	57072.3
B	cs3	3	Default	290	103.17	57112.7
B	cs3	3	Default	291	98.68	61431.95
B	cs3	3	Default	292	98.7	61477.8
B	cs3	3	Default	293	98.68	61516.8
B	cs3	3	Default	294	98.74	61557.35
B	cs3	3	Default	295	98.79	61599.7
B	cs3	3	Default	296	98.81	61636.55
B	cs3	3	Default	297	94.09	67945.2
B	cs3	3	Default	298	94.08	68000.9
B	cs3	3	Default	299	94.06	68052.1
B	cs3	3	Default	300	90.43	76458.2
B	cs3	5	Default	2	386.17	62.7
B	cs3	5	Default	3	367.4	62.65
B	cs3	5	Default	4	357.73	62.6
B	cs3	5	Default	5	352.44	62.6
B	cs3	5	Default	6	347.94	62.75
B	cs3	5	Default	7	345.81	62.75
B	cs3	5	Default	8	343.7	62.75
B	cs3	5	Default	9	342.65	62.7
B	cs3	5	Default	10	341.16	62.75
B	cs3	5	Default	11	339.78	62.85
B	cs3	5	Default	12	338.78	62.85
B	cs3	5	Default	13	337.52	62.95
B	cs3	5	Default	14	336.26	63.05
B	cs3	5	Default	15	335.32	63.2
B	cs3	5	Default	16	334.28	63.3
B	cs3	5	Default	17	333.59	63.35
B	cs3	5	Default	18	332.57	63.45
B	cs3	5	Default	19	331.44	63.6
B	cs3	5	Default	20	329.49	64.0
B	cs3	5	Default	21	329.42	63.95
B	cs3	5	Default	22	329.6	63.85
B	cs3	5	Default	23	327.91	64.05
B	cs3	5	Default	24	327.35	64.3
B	cs3	5	Default	25	327.42	64.2
B	cs3	5	Default	26	325.97	64.5
B	cs3	5	Default	27	324.94	64.65
B	cs3	5	Default	28	325.15	64.65
B	cs3	5	Default	29	323.15	65.05
B	cs3	5	Default	30	322.0	65.25
B	cs3	5	Default	31	322.27	65.2
B	cs3	5	Default	32	321.13	65.45
B	cs3	5	Default	33	319.42	65.9
B	cs3	5	Default	34	318.43	66.1
B	cs3	5	Default	35	318.21	66.1
B	cs3	5	Default	36	316.25	66.55
B	cs3	5	Default	37	315.23	66.7
B	cs3	5	Default	38	315.28	66.85
B	cs3	5	Default	39	314.65	66.9
B	cs3	5	Default	40	313.7	67.15
B	cs3	5	Default	41	313.71	67.1
B	cs3	5	Default	42	311.65	67.55
B	cs3	5	Default	43	310.98	67.65
B	cs3	5	Default	44	309.82	67.95
B	cs3	5	Default	45	308.98	68.2
B	cs3	5	Default	46	307.0	68.65
B	cs3	5	Default	47	305.73	69.0
B	cs3	5	Default	48	306.72	68.8
B	cs3	5	Default	49	305.91	68.9
B	cs3	5	Default	50	304.11	69.3
B	cs3	5	Default	51	303.58	69.4
B	cs3	5	Default	52	303.84	69.4
B	cs3	5	Default	53	302.87	69.65
B	cs3	5	Default	54	302.78	69.6
B	cs3	5	Default	55	301.35	70.0
B	cs3	5	Default	56	300.59	70.1
B	cs3	5	Default	57	299.69	70.35
B	cs3	5	Default	58	298.68	70.6
B	cs3	5	Default	59	298.58	70.6
B	cs3	5	Default	60	298.41	70.85
B	cs3	5	Default	61	296.59	71.35
B	cs3	5	Default	62	295.48	71.7
B	cs3	5	Default	63	295.59	71.65
B	cs3	5	Default	64	295.04	71.75
B	cs3	5	Default	65	293.25	72.35
B	cs3	5	Default	66	291.81	72.85
B	cs3	5	Default	67	291.09	73.15
B	cs3	5	Default	68	290.49	73.35
B	cs3	5	Default	69	289.45	73.7
B	cs3	5	Default	70	288.49	73.95
B	cs3	5	Default	71	286.34	74.6
B	cs3	5	Default	72	285.52	74.85
B	cs3	5	Default	73	284.76	74.95
B	cs3	5	Default	74	283.35	75.65
B	cs3	5	Default	75	282.17	76.0
B	cs3	5	Default	76	281.41	76.25
B	cs3	5	Default	77	280.57	76.65
B	cs3	5	Default	78	279.04	77.05
B	cs3	5	Default	79	276.88	77.85
B	cs3	5	Default	80	276.34	77.95
B	cs3	5	Default	81	274.9	78.6
B	cs3	5	Default	82	274.28	78.8
B	cs3	5	Default	83	273.63	78.9
B	cs3	5	Default	84	273.04	79.1
B	cs3	5	Default	85	270.44	80.4
B	cs3	5	Default	86	270.38	80.45
B	cs3	5	Default	87	268.39	81.15
B	cs3	5	Default	88	268.18	81.2
B	cs3	5	Default	89	266.77	81.7
B	cs3	5	Default	90	265.3	82.4
B	cs3	5	Default	91	264.32	82.8
B	cs3	5	Default	92	263.76	82.95
B	cs3	5	Default	93	262.23	83.45
B	cs3	5	Default	94	261.13	84.1
B	cs3	5	Default	95	261.24	84.15
B	cs3	5	Default	96	260.48	84.3
B	cs3	5	Default	97	258.86	84.9
B	cs3	5	Default	98	257.75	85.7
B	cs3	5	Default	99	257.16	85.9
B	cs3	5	Default	100	255.01	87.15
B	cs3	5	Default	101	254.26	87.5
B	cs3	5	Default	102	253.41	87.7
B	cs3	5	Default	103	252.03	88.25
B	cs3	5	Default	104	251.2	88.65
B	cs3	5	Default	105	249.96	89.05
B	cs3	5	Default	106	248.78	89.85
B	cs3	5	Default	107	248.27	90.05
B	cs3	5	Default	108	246.87	90.85
B	cs3	5	Default	109	246.48	90.75
B	cs3	5	Default	110	240.87	6472.4
B	cs3	5	Default	111	240.17	6236.55
B	cs3	5	Default	112	239.56	6012.75
B	cs3	5	Default	113	236.29	15315.9
B	cs3	5	Default	114	235.61	15141.65
B	cs3	5	Default	115	235.26	14968.2
B	cs3	5	Default	116	234.79	14796.4
B	cs3	5	Default	117	233.92	14632.45
B	cs3	5	Default	118	216.91	35313.15
B	cs3	5	Default	119	216.52	35029.95
B	cs3	5	Default	120	216.03	34753.3
B	cs3	5	Default	121	214.48	34490.75
B	cs3	5	Default	122	214.1	34230.2
B	cs3	5	Default	123	213.94	33978.3
B	cs3	5	Default	124	213.17	33735.0
B	cs3	5	Default	125	211.97	33502.0
B	cs3	5	Default	126	211.96	33272.45
B	cs3	5	Default	127	211.27	33049.05
B	cs3	5	Default	128	211.01	32837.85
B	cs3	5	Default	129	210.73	32631.45
B	cs3	5	Default	130	209.35	32438.2
B	cs3	5	Default	131	207.8	32248.55
B	cs3	5	Default	132	207.1	32059.85
B	cs3	5	Default	133	205.06	31888.8
B	cs3	5	Default	134	204.56	31717.7
B	cs3	5	Default	135	196.14	44609.6
B	cs3	5	Default	136	194.72	44444.15
B	cs3	5	Default	137	194.19	44287.65
B	cs3	5	Default	138	193.96	44127.35
B	cs3	5	Default	139	193.55	43983.15
B	cs3	5	Default	140	192.71	43848.35
B	cs3	5	Default	141	192.41	43718.15
B	cs3	5	Default	142	192.28	43594.9
B	cs3	5	Default	143	191.45	43474.5
B	cs3	5	Default	144	191.0	43354.5
B	cs3	5	Default	145	190.92	43249.95
B	cs3	5	Default	146	190.71	43140.6
B	cs3	5	Default	147	189.86	43043.4
B	cs3	5	Default	148	188.75	42945.05
B	cs3	5	Default	149	186.85	42858.85
B	cs3	5	Default	150	186.7	42771.9
B	cs3	5	Default	151	181.75	50565.9
B	cs3	5	Default	152	181.66	50426.15
B	cs3	5	Default	153	180.68	50289.2
B	cs3	5	Default	154	179.85	50158.1
B	cs3	5	Default	155	179.44	50036.3
B	cs3	5	Default	156	178.36	49914.6
B	cs3	5	Default	157	177.68	49801.2
B	cs3	5	Default	158	177.41	49684.2
B	cs3	5	Default	159	176.8	49578.85
B	cs3	5	Default	160	176.24	49474.35
B	cs3	5	Default	161	175.78	49381.45
B	cs3	5	Default	162	175.65	49286.0
B	cs3	5	Default	163	174.75	49198.0
B	cs3	5	Default	164	172.67	58003.9
B	cs3	5	Default	165	172.09	57918.95
B	cs3	5	Default	166	171.98	57843.75
B	cs3	5	Default	167	167.1	73407.25
B	cs3	5	Default	168	161.39	86388.25
B	cs3	5	Default	169	160.56	86322.35
B	cs3	5	Default	170	159.76	86258.7
B	cs3	5	Default	171	159.69	86185.45
B	cs3	5	Default	172	159.46	86121.65
B	cs3	5	Default	173	159.36	86064.8
B	cs3	5	Default	174	158.55	86010.35
B	cs3	5	Default	175	157.8	85946.5
B	cs3	5	Default	176	157.23	85901.95
B	cs3	5	Default	177	156.55	85852.9
B	cs3	5	Default	178	156.42	85794.0
B	cs3	5	Default	179	156.0	85738.1
B	cs3	5	Default	180	155.35	85689.4
B	cs3	5	Default	181	155.25	85643.3
B	cs3	5	Default	182	154.91	85601.25
B	cs3	5	Default	183	154.38	85555.85
B	cs3	5	Default	184	154.1	85518.25
B	cs3	5	Default	185	153.51	85477.8
B	cs3	5	Default	186	153.12	85443.3
B	cs3	5	Default	187	152.77	85412.4
B	cs3	5	Default	188	146.32	95093.5
B	cs3	5	Default	189	139.9	108565.45
B	cs3	5	Default	190	139.37	108491.5
B	cs3	5	Default	191	139.18	108420.6
B	cs3	5	Default	192	138.97	108361.05
B	cs3	5	Default	193	138.96	108300.9
B	cs3	5	Default	194	138.34	108237.05
B	cs3	5	Default	195	138.0	108180.45
B	cs3	5	Default	196	137.68	108127.8
B	cs3	5	Default	197	137.23	108075.1
B	cs3	5	Default	198	136.78	108071.9
B	cs3	5	Default	199	136.06	108081.65
B	cs3	5	Default	200	135.54	108079.85
B	cs3	5	Default	201	135.34	108090.25
B	cs3	5	Default	202	134.77	108109.2
B	cs3	5	Default	203	136.05	96540.85
B	cs3	5	Default	204	135.98	96595.65
B	cs3	5	Default	205	135.33	96649.5
B	cs3	5	Default	206	134.9	96714.4
B	cs3	5	Default	207	134.7	96774.75
B	cs3	5	Default	208	134.46	96831.05
B	cs3	5	Default	209	134.06	96894.8
B	cs3	5	Default	210	133.77	96957.75
B	cs3	5	Default	211	133.46	97032.25
B	cs3	5	Default	212	133.08	97110.05
B	cs3	5	Default	213	132.87	97187.6
B	cs3	5	Default	214	132.76	97279.05
B	cs3	5	Default	215	132.44	97348.85
B	cs3	5	Default	216	132.23	97411.95
B	cs3	5	Default	217	131.88	97479.0
B	cs3	5	Default	218	131.22	97554.9
B	cs3	5	Default	219	130.97	97630.6
B	cs3	5	Default	220	130.64	97711.95
B	cs3	5	Default	221	130.04	97797.5
B	cs3	5	Default	222	129.98	97877.65
B	cs3	5	Default	223	129.72	97945.55
B	cs3	5	Default	224	129.41	98014.3
B	cs3	5	Default	225	128.2	98095.25
B	cs3	5	Default	226	129.36	89814.2
B	cs3	5	Default	227	129.23	89892.0
B	cs3	5	Default	228	129.08	89982.15
B	cs3	5	Default	229	128.69	90073.6
B	cs3	5	Default	230	128.54	90142.6
B	cs3	5	Default	231	128.31	90217.35
B	cs3	5	Default	232	128.1	90293.65
B	cs3	5	Default	233	119.27	106727.9
B	cs3	5	Default	234	118.97	106817.85
B	cs3	5	Default	235	118.73	106913.95
B	cs3	5	Default	236	118.52	107000.45
B	cs3	5	Default	237	117.94	107094.8
B	cs3	5	Default	238	117.83	107182.25
B	cs3	5	Default	239	117.75	107272.35
B	cs3	5	Default	240	117.45	107369.1
B	cs3	5	Default	241	117.12	107469.8
B	cs3	5	Default	242	116.62	107611.65
B	cs3	5	Default	243	116.32	107774.95
B	cs3	5	Default	244	116.05	107946.4
B	cs3	5	Default	245	115.92	108117.55
B	cs3	5	Default	246	115.83	108282.45
B	cs3	5	Default	247	115.72	108444.0
B	cs3	5	Default	248	115.64	108612.5
B	cs3	5	Default	249	115.51	108778.1
B	cs3	5	Default	250	115.39	108948.45
B	cs3	5	Default	251	115.18	109124.9
B	cs3	5	Default	252	114.77	109289.6
B	cs3	5	Default	253	114.61	109463.8
B	cs3	5	Default	254	114.35	109633.75
B	cs3	5	Default	255	114.18	109804.85
B	cs3	5	Default	256	108.57	134405.35
B	cs3	5	Default	257	108.42	134599.1
B	cs3	5	Default	258	107.81	134798.85
B	cs3	5	Default	259	107.72	134991.85
B	cs3	5	Default	260	106.82	135193.45
B	cs3	5	Default	261	106.74	135379.2
B	cs3	5	Default	262	106.61	135575.6
B	cs3	5	Default	263	106.49	135755.4
B	cs3	5	Default	264	106.4	135952.7
B	cs3	5	Default	265	105.36	136142.35
B	cs3	5	Default	266	105.31	136323.3
B	cs3	5	Default	267	105.22	136510.15
B	cs3	5	Default	268	103.39	148566.1
B	cs3	5	Default	269	103.2	148740.35
B	cs3	5	Default	270	103.03	148921.6
B	cs3	5	Default	271	102.94	149093.7
B	cs3	5	Default	272	102.8	149286.95
B	cs3	5	Default	273	102.71	149490.55
B	cs3	5	Default	274	102.71	149689.2
B	cs3	5	Default	275	97.89	165344.55
B	cs3	5	Default	276	97.83	165569.35
B	cs3	5	Default	277	94.79	179105.9
B	cs3	5	Default	278	94.66	179359.85
B	cs3	5	Default	279	95.91	170320.9
B	cs3	5	Default	280	95.83	170584.65
B	cs3	5	Default	281	95.72	170844.0
B	cs3	5	Default	282	95.64	171106.6
B	cs3	5	Default	283	95.55	171359.3
B	cs3	5	Default	284	95.44	171620.45
B	cs3	5	Default	285	95.32	171870.55
B	cs3	5	Default	286	92.4	189449.2
B	cs3	5	Default	287	87.37	206891.35
B	cs3	5	Default	288	87.29	207126.45
B	cs3	5	Default	289	84.27	216222.65
B	cs3	5	Default	290	85.38	207957.75
B	cs3	5	Default	291	85.34	208208.7
B	cs3	5	Default	292	85.3	208463.5
B	cs3	5	Default	293	85.26	208722.8
B	cs3	5	Default	294	85.22	208980.0
B	cs3	5	Default	295	85.13	209226.0
B	cs3	5	Default	296	84.85	209471.05
B	cs3	5	Default	297	84.81	209720.55
B	cs3	5	Default	298	84.77	209957.4
B	cs3	5	Default	299	84.71	210209.45
B	cs3	5	Default	300	84.65	210455.4
B	cs3	7	Default	2	409.25	62.9
B	cs3	7	Default	3	375.92	62.65
B	cs3	7	Default	4	356.66	62.55
B	cs3	7	Default	5	343.24	62.55
B	cs3	7	Default	6	333.28	62.6
B	cs3	7	Default	7	326.24	62.45
B	cs3	7	Default	8	319.68	62.6
B	cs3	7	Default	9	314.4	62.65
B	cs3	7	Default	10	310.24	62.6
B	cs3	7	Default	11	307.01	62.65
B	cs3	7	Default	12	304.9	62.55
B	cs3	7	Default	13	301.82	62.65
B	cs3	7	Default	14	299.57	62.6
B	cs3	7	Default	15	297.15	62.7
B	cs3	7	Default	16	295.85	62.65
B	cs3	7	Default	17	294.03	62.6
B	cs3	7	Default	18	292.31	62.6
B	cs3	7	Default	19	290.89	62.65
B	cs3	7	Default	20	289.21	62.75
B	cs3	7	Default	21	288.23	62.7
B	cs3	7	Default	22	287.51	62.75
B	cs3	7	Default	23	286.25	62.75
B	cs3	7	Default	24	284.52	62.95
B	cs3	7	Default	25	283.46	62.95
B	cs3	7	Default	26	282.47	63.0
B	cs3	7	Default	27	281.59	63.15
B	cs3	7	Default	28	280.17	63.3
B	cs3	7	Default	29	278.57	63.5
B	cs3	7	Default	30	278.25	63.65
B	cs3	7	Default	31	276.44	63.95
B	cs3	7	Default	32	274.92	64.35
B	cs3	7	Default	33	274.2	64.45
B	cs3	7	Default	34	273.36	64.6
B	cs3	7	Default	35	271.64	64.9
B	cs3	7	Default	36	271.06	65.05
B	cs3	7	Default	37	268.9	65.55
B	cs3	7	Default	38	269.25	65.45
B	cs3	7	Default	39	268.08	65.65
B	cs3	7	Default	40	266.66	66.05
B	cs3	7	Default	41	265.9	66.2
B	cs3	7	Default	42	264.48	66.5
B	cs3	7	Default	43	263.48	66.75
B	cs3	7	Default	44	261.91	67.05
B	cs3	7	Default	45	261.73	67.1
B	cs3	7	Default	46	259.94	67.45
B	cs3	7	Default	47	258.45	68.0
B	cs3	7	Default	48	257.15	68.3
B	cs3	7	Default	49	255.08	68.9
B	cs3	7	Default	50	253.85	69.25
B	cs3	7	Default	51	252.35	69.7
B	cs3	7	Default	52	250.02	70.5
B	cs3	7	Default	53	248.87	70.8
B	cs3	7	Default	54	247.12	71.65
B	cs3	7	Default	55	244.89	72.3
B	cs3	7	Default	56	243.08	73.0
B	cs3	7	Default	57	241.17	73.7
B	cs3	7	Default	58	239.92	74.1
B	cs3	7	Default	59	238.3	74.65
B	cs3	7	Default	60	237.82	74.85
B	cs3	7	Default	61	237.65	74.9
B	cs3	7	Default	62	235.85	75.6
B	cs3	7	Default	63	234.36	76.2
B	cs3	7	Default	64	233.06	76.7
B	cs3	7	Default	65	232.04	77.15
B	cs3	7	Default	66	230.3	77.75
B	cs3	7	Default	67	229.06	78.35
B	cs3	7	Default	68	227.52	78.85
B	cs3	7	Default	69	226.68	79.2
B	cs3	7	Default	70	224.7	80.2
B	cs3	7	Default	71	223.19	80.85
B	cs3	7	Default	72	222.73	81.05
B	cs3	7	Default	73	222.01	81.5
B	cs3	7	Default	74	221.52	81.8
B	cs3	7	Default	75	221.16	82.1
B	cs3	7	Default	76	220.3	82.6
B	cs3	7	Default	77	219.24	83.05
B	cs3	7	Default	78	218.54	83.3
B	cs3	7	Default	79	217.9	83.6
B	cs3	7	Default	80	216.89	84.0
B	cs3	7	Default	81	215.61	84.45
B	cs3	7	Default	82	214.75	84.8
B	cs3	7	Default	83	213.79	85.35
B	cs3	7	Default	84	213.62	85.5
B	cs3	7	Default	85	213.1	85.85
B	cs3	7	Default	86	211.65	86.45
B	cs3	7	Default	87	211.39	86.7
B	cs3	7	Default	88	210.19	87.35
B	cs3	7	Default	89	208.74	88.15
B	cs3	7	Default	90	207.32	88.8
B	cs3	7	Default	91	205.47	90.0
B	cs3	7	Default	92	204.45	90.55
B	cs3	7	Default	93	203.05	91.4
B	cs3	7	Default	94	202.19	91.85
B	cs3	7	Default	95	201.3	92.3
B	cs3	7	Default	96	199.8	93.2
B	cs3	7	Default	97	199.19	93.6
B	cs3	7	Default	98	198.67	93.85
B	cs3	7	Default	99	197.35	94.6
B	cs3	7	Default	100	196.43	95.2
B	cs3	7	Default	101	194.59	96.3
B	cs3	7	Default	102	193.7	97.1
B	cs3	7	Default	103	192.88	97.65
B	cs3	7	Default	104	191.28	98.6
B	cs3	7	Default	105	190.67	99.15
B	cs3	7	Default	106	189.61	99.85
B	cs3	7	Default	107	188.42	100.7
B	cs3	7	Default	108	187.21	101.5
B	cs3	7	Default	109	186.27	102.1
B	cs3	7	Default	110	185.49	102.85
B	cs3	7	Default	111	184.83	103.1
B	cs3	7	Default	112	184.61	103.25
B	cs3	7	Default	113	183.13	104.55
B	cs3	7	Default	114	183.21	104.4
B	cs3	7	Default	115	181.41	106.15
B	cs3	7	Default	116	180.65	106.7
B	cs3	7	Default	117	179.68	107.5
B	cs3	7	Default	118	178.72	108.35
B	cs3	7	Default	119	178.01	108.95
B	cs3	7	Default	120	177.12	109.7
B	cs3	7	Default	121	176.08	110.6
B	cs3	7	Default	122	175.18	111.4
B	cs3	7	Default	123	174.67	111.85
B	cs3	7	Default	124	174.05	112.7
B	cs3	7	Default	125	173.52	113.25
B	cs3	7	Default	126	173.08	113.65
B	cs3	7	Default	127	171.63	114.85
B	cs3	7	Default	128	167.26	183.5
B	cs3	7	Default	129	166.58	184.7
B	cs3	7	Default	130	165.85	186.0
B	cs3	7	Default	131	164.78	195.75
B	cs3	7	Default	132	163.96	198.2
B	cs3	7	Default	133	162.99	200.25
B	cs3	7	Default	134	162.05	203.3
B	cs3	7	Default	135	160.97	205.5
B	cs3	7	Default	136	160.23	207.5
B	cs3	7	Default	137	159.36	210.1
B	cs3	7	Default	138	158.54	212.5
B	cs3	7	Default	139	157.75	214.35
B	cs3	7	Default	140	157.11	216.1
B	cs3	7	Default	141	156.25	218.4
B	cs3	7	Default	142	156.01	220.2
B	cs3	7	Default	143	155.58	222.3
B	cs3	7	Default	144	154.76	224.5
B	cs3	7	Default	145	154.73	226.0
B	cs3	7	Default	146	153.76	228.35
B	cs3	7	Default	147	149.8	318.0
B	cs3	7	Default	148	149.52	321.2
B	cs3	7	Default	149	148.84	324.5
B	cs3	7	Default	150	144.17	426.8
B	cs3	7	Default	151	143.79	430.1
B	cs3	7	Default	152	143.5	434.25
B	cs3	7	Default	153	142.82	438.8
B	cs3	7	Default	154	142.17	443.9
B	cs3	7	Default	155	141.83	447.45
B	cs3	7	Default	156	141.51	451.3
B	cs3	7	Default	157	140.51	474.35
B	cs3	7	Default	158	139.16	480.0
B	cs3	7	Default	159	138.6	485.25
B	cs3	7	Default	160	138.16	496.45
B	cs3	7	Default	161	137.65	499.95
B	cs3	7	Default	162	137.03	504.95
B	cs3	7	Default	163	136.42	509.6
B	cs3	7	Default	164	135.94	514.45
B	cs3	7	Default	165	135.31	519.05
B	cs3	7	Default	166	134.83	524.0
B	cs3	7	Default	167	134.16	527.6
B	cs3	7	Default	168	133.81	531.2
B	cs3	7	Default	169	133.28	535.6
B	cs3	7	Default	170	132.77	539.95
B	cs3	7	Default	171	132.09	543.15
B	cs3	7	Default	172	131.8	546.8
B	cs3	7	Default	173	131.4	550.2
B	cs3	7	Default	174	130.8	554.3
B	cs3	7	Default	175	130.47	557.25
B	cs3	7	Default	176	130.3	560.5
B	cs3	7	Default	177	129.86	564.1
B	cs3	7	Default	178	129.23	574.55
B	cs3	7	Default	179	126.21	697.1
B	cs3	7	Default	180	125.9	702.0
B	cs3	7	Default	181	125.6	705.2
B	cs3	7	Default	182	125.73	14076.5
B	cs3	7	Default	183	125.58	14056.6
B	cs3	7	Default	184	124.97	14051.15
B	cs3	7	Default	185	125.15	27602.5
B	cs3	7	Default	186	122.16	27772.75
B	cs3	7	Default	187	121.85	27783.25
B	cs3	7	Default	188	121.53	27801.65
B	cs3	7	Default	189	121.02	27818.55
B	cs3	7	Default	190	120.44	27838.95
B	cs3	7	Default	191	120.07	27857.35
B	cs3	7	Default	192	119.97	27872.45
B	cs3	7	Default	193	119.66	27889.05
B	cs3	7	Default	194	119.13	27919.3
B	cs3	7	Default	195	118.71	27936.85
B	cs3	7	Default	196	118.34	27959.05
B	cs3	7	Default	197	118.12	27978.55
B	cs3	7	Default	198	117.75	27997.15
B	cs3	7	Default	199	117.43	28013.75
B	cs3	7	Default	200	117.01	28031.75
B	cs3	7	Default	201	116.8	28050.3
B	cs3	7	Default	202	116.38	28070.5
B	cs3	7	Default	203	115.21	28212.1
B	cs3	7	Default	204	115.0	28236.15
B	cs3	7	Default	205	114.5	42985.5
B	cs3	7	Default	206	114.33	43046.35
B	cs3	7	Default	207	114.04	43108.8
B	cs3	7	Default	208	113.71	43177.0
B	cs3	7	Default	209	113.24	43237.4
B	cs3	7	Default	210	112.82	43300.2
B	cs3	7	Default	211	112.77	43369.65
B	cs3	7	Default	212	112.57	43431.75
B	cs3	7	Default	213	112.26	43508.85
B	cs3	7	Default	214	112.11	43575.35
B	cs3	7	Default	215	113.04	51836.25
B	cs3	7	Default	216	112.8	51937.8
B	cs3	7	Default	217	112.18	52033.75
B	cs3	7	Default	218	110.12	52288.5
B	cs3	7	Default	219	109.74	52391.0
B	cs3	7	Default	220	109.48	52499.9
B	cs3	7	Default	221	109.4	52599.3
B	cs3	7	Default	222	109.13	52691.75
B	cs3	7	Default	223	108.8	52786.4
B	cs3	7	Default	224	108.6	52884.2
B	cs3	7	Default	225	108.35	52976.4
B	cs3	7	Default	226	107.89	53070.0
B	cs3	7	Default	227	107.65	53156.5
B	cs3	7	Default	228	107.46	53247.3
B	cs3	7	Default	229	107.38	53340.9
B	cs3	7	Default	230	107.11	53436.3
B	cs3	7	Default	231	106.78	53526.25
B	cs3	7	Default	232	106.64	53617.5
B	cs3	7	Default	233	106.46	53705.25
B	cs3	7	Default	234	106.24	53801.75
B	cs3	7	Default	235	106.06	53893.4
B	cs3	7	Default	236	105.71	53984.25
B	cs3	7	Default	237	105.45	54068.2
B	cs3	7	Default	238	105.34	54148.95
B	cs3	7	Default	239	105.51	68638.7
B	cs3	7	Default	240	105.36	68716.25
B	cs3	7	Default	241	105.25	68791.35
B	cs3	7	Default	242	102.37	69059.5
B	cs3	7	Default	243	102.13	69135.15
B	cs3	7	Default	244	101.91	69206.4
B	cs3	7	Default	245	101.29	69283.35
B	cs3	7	Default	246	100.51	69356.95
B	cs3	7	Default	247	98.63	69582.15
B	cs3	7	Default	248	98.68	69652.05
B	cs3	7	Default	249	98.51	69724.55
B	cs3	7	Default	250	98.37	69792.75
B	cs3	7	Default	251	97.84	69861.6
B	cs3	7	Default	252	98.42	83016.95
B	cs3	7	Default	253	98.11	83137.3
B	cs3	7	Default	254	98.02	83274.3
B	cs3	7	Default	255	97.77	83411.9
B	cs3	7	Default	256	95.14	83741.1
B	cs3	7	Default	257	94.83	83876.15
B	cs3	7	Default	258	94.78	84011.1
B	cs3	7	Default	259	94.68	84148.05
B	cs3	7	Default	260	92.98	99971.35
B	cs3	7	Default	261	92.87	100109.95
B	cs3	7	Default	262	92.67	100260.3
B	cs3	7	Default	263	92.47	100401.3
B	cs3	7	Default	264	92.39	100541.1
B	cs3	7	Default	265	92.23	100678.0
B	cs3	7	Default	266	91.77	100811.1
B	cs3	7	Default	267	91.66	100950.15
B	cs3	7	Default	268	91.54	101083.05
B	cs3	7	Default	269	91.32	101214.5
B	cs3	7	Default	270	88.82	101534.05
B	cs3	7	Default	271	88.65	101655.75
B	cs3	7	Default	272	88.54	101780.35
B	cs3	7	Default	273	89.61	111215.85
B	cs3	7	Default	274	89.53	111341.35
B	cs3	7	Default	275	89.42	111480.25
B	cs3	7	Default	276	89.32	111613.15
B	cs3	7	Default	277	89.17	111745.65
B	cs3	7	Default	278	89.1	111869.6
B	cs3	7	Default	279	90.94	117453.95
B	cs3	7	Default	280	90.89	117601.7
B	cs3	7	Default	281	90.71	117750.55
B	cs3	7	Default	282	92.39	106869.25
B	cs3	7	Default	283	92.37	107057.9
B	cs3	7	Default	284	92.3	107240.25
B	cs3	7	Default	285	92.24	107432.95
B	cs3	7	Default	286	92.17	107625.1
B	cs3	7	Default	287	91.96	107810.3
B	cs3	7	Default	288	91.83	107988.4
B	cs3	7	Default	289	91.65	108165.65
B	cs3	7	Default	290	91.48	108352.05
B	cs3	7	Default	291	91.4	108531.35
B	cs3	7	Default	292	91.31	108710.05
B	cs3	7	Default	293	90.97	108892.65
B	cs3	7	Default	294	90.91	109067.8
B	cs3	7	Default	295	90.83	109236.2
B	cs3	7	Default	296	90.72	109399.5
B	cs3	7	Default	297	90.62	109571.6
B	cs3	7	Default	298	90.45	109735.75
B	cs3	7	Default	299	90.36	109900.4
B	cs3	7	Default	300	90.29	110069.5
C	gam	Default	Default	2	570.48	63.55
C	gam	Default	Default	3	480.36	63.15
C	gam	Default	Default	4	427.46	62.95
C	gam	Default	Default	5	393.64	62.65
C	gam	Default	Default	6	369.93	62.35
C	gam	Default	Default	7	350.45	62.35
C	gam	Default	Default	8	334.77	62.3
C	gam	Default	Default	9	322.58	62.15
C	gam	Default	Default	10	312.2	62.15
C	gam	Default	Default	11	302.56	62.15
C	gam	Default	Default	12	294.82	62.1
C	gam	Default	Default	13	287.9	62.05
C	gam	Default	Default	14	281.32	62.1
C	gam	Default	Default	15	276.52	61.85
C	gam	Default	Default	16	271.39	61.8
C	gam	Default	Default	17	267.06	61.75
C	gam	Default	Default	18	262.81	61.7
C	gam	Default	Default	19	258.57	61.75
C	gam	Default	Default	20	254.92	61.75
C	gam	Default	Default	21	251.57	61.7
C	gam	Default	Default	22	248.65	61.6
C	gam	Default	Default	23	245.69	61.6
C	gam	Default	Default	24	243.37	61.55
C	gam	Default	Default	25	240.85	61.5
C	gam	Default	Default	26	238.41	61.5
C	gam	Default	Default	27	236.14	61.45
C	gam	Default	Default	28	234.07	61.35
C	gam	Default	Default	29	231.48	61.35
C	gam	Default	Default	30	229.5	61.3
C	gam	Default	Default	31	227.63	61.3
C	gam	Default	Default	32	226.03	61.25
C	gam	Default	Default	33	224.44	61.3
C	gam	Default	Default	34	222.74	61.3
C	gam	Default	Default	35	221.18	61.3
C	gam	Default	Default	36	219.78	61.25
C	gam	Default	Default	37	218.43	61.3
C	gam	Default	Default	38	217.2	61.3
C	gam	Default	Default	39	215.97	61.25
C	gam	Default	Default	40	214.79	61.2
C	gam	Default	Default	41	213.65	61.15
C	gam	Default	Default	42	212.76	61.1
C	gam	Default	Default	43	211.72	61.1
C	gam	Default	Default	44	210.35	61.2
C	gam	Default	Default	45	209.43	61.15
C	gam	Default	Default	46	208.33	61.15
C	gam	Default	Default	47	207.52	61.1
C	gam	Default	Default	48	206.69	61.1
C	gam	Default	Default	49	205.83	61.05
C	gam	Default	Default	50	205.06	61.05
C	gam	Default	Default	51	204.02	61.05
C	gam	Default	Default	52	203.37	61.05
C	gam	Default	Default	53	202.7	61.05
C	gam	Default	Default	54	201.84	61.05
C	gam	Default	Default	55	200.88	61.1
C	gam	Default	Default	56	200.0	61.1
C	gam	Default	Default	57	199.13	61.1
C	gam	Default	Default	58	198.55	61.1
C	gam	Default	Default	59	197.64	61.1
C	gam	Default	Default	60	197.09	61.05
C	gam	Default	Default	61	196.47	61.05
C	gam	Default	Default	62	195.58	61.05
C	gam	Default	Default	63	194.86	61.1
C	gam	Default	Default	64	194.28	61.05
C	gam	Default	Default	65	193.63	61.05
C	gam	Default	Default	66	192.61	61.1
C	gam	Default	Default	67	192.1	61.1
C	gam	Default	Default	68	191.51	61.2
C	gam	Default	Default	69	190.92	61.2
C	gam	Default	Default	70	190.48	61.2
C	gam	Default	Default	71	189.63	61.2
C	gam	Default	Default	72	189.07	61.2
C	gam	Default	Default	73	188.34	61.25
C	gam	Default	Default	74	188.02	61.2
C	gam	Default	Default	75	187.39	61.25
C	gam	Default	Default	76	186.79	61.25
C	gam	Default	Default	77	186.19	61.25
C	gam	Default	Default	78	186.08	61.2
C	gam	Default	Default	79	185.42	61.25
C	gam	Default	Default	80	184.84	61.25
C	gam	Default	Default	81	184.22	61.3
C	gam	Default	Default	82	183.93	61.3
C	gam	Default	Default	83	183.34	61.3
C	gam	Default	Default	84	182.89	61.25
C	gam	Default	Default	85	182.45	61.2
C	gam	Default	Default	86	182.02	61.25
C	gam	Default	Default	87	181.54	61.25
C	gam	Default	Default	88	181.13	61.25
C	gam	Default	Default	89	180.65	61.25
C	gam	Default	Default	90	180.19	61.25
C	gam	Default	Default	91	179.96	61.25
C	gam	Default	Default	92	179.53	61.25
C	gam	Default	Default	93	179.33	61.25
C	gam	Default	Default	94	178.54	61.3
C	gam	Default	Default	95	178.2	61.3
C	gam	Default	Default	96	177.7	61.3
C	gam	Default	Default	97	177.57	61.3
C	gam	Default	Default	98	177.2	61.3
C	gam	Default	Default	99	176.8	61.3
C	gam	Default	Default	100	176.53	61.3
C	gam	Default	Default	101	176.09	61.3
C	gam	Default	Default	102	175.67	61.35
C	gam	Default	Default	103	175.62	61.3
C	gam	Default	Default	104	175.17	61.35
C	gam	Default	Default	105	174.81	61.35
C	gam	Default	Default	106	174.32	61.4
C	gam	Default	Default	107	173.86	61.4
C	gam	Default	Default	108	173.52	61.45
C	gam	Default	Default	109	173.08	61.45
C	gam	Default	Default	110	173.13	61.4
C	gam	Default	Default	111	172.77	61.45
C	gam	Default	Default	112	172.44	61.45
C	gam	Default	Default	113	171.94	61.55
C	gam	Default	Default	114	171.82	61.55
C	gam	Default	Default	115	171.44	61.65
C	gam	Default	Default	116	170.78	61.7
C	gam	Default	Default	117	170.79	61.65
C	gam	Default	Default	118	170.33	61.7
C	gam	Default	Default	119	169.95	61.75
C	gam	Default	Default	120	169.82	61.75
C	gam	Default	Default	121	169.35	61.85
C	gam	Default	Default	122	169.15	61.85
C	gam	Default	Default	123	168.61	61.9
C	gam	Default	Default	124	168.21	61.9
C	gam	Default	Default	125	168.2	61.85
C	gam	Default	Default	126	168.0	61.9
C	gam	Default	Default	127	167.94	61.9
C	gam	Default	Default	128	167.6	62.0
C	gam	Default	Default	129	167.11	62.15
C	gam	Default	Default	130	166.61	62.2
C	gam	Default	Default	131	166.35	62.15
C	gam	Default	Default	132	165.97	62.25
C	gam	Default	Default	133	165.59	62.35
C	gam	Default	Default	134	165.31	62.45
C	gam	Default	Default	135	164.81	62.55
C	gam	Default	Default	136	164.45	62.65
C	gam	Default	Default	137	164.27	62.7
C	gam	Default	Default	138	164.09	62.65
C	gam	Default	Default	139	163.64	62.75
C	gam	Default	Default	140	163.36	62.7
C	gam	Default	Default	141	163.37	62.7
C	gam	Default	Default	142	162.97	62.75
C	gam	Default	Default	143	162.7	62.8
C	gam	Default	Default	144	162.66	62.85
C	gam	Default	Default	145	162.23	62.85
C	gam	Default	Default	146	162.01	62.9
C	gam	Default	Default	147	161.88	62.95
C	gam	Default	Default	148	161.34	63.1
C	gam	Default	Default	149	161.12	63.15
C	gam	Default	Default	150	160.44	63.4
C	gam	Default	Default	151	160.17	63.5
C	gam	Default	Default	152	159.91	63.5
C	gam	Default	Default	153	159.53	63.55
C	gam	Default	Default	154	159.44	63.55
C	gam	Default	Default	155	159.1	63.55
C	gam	Default	Default	156	158.54	63.75
C	gam	Default	Default	157	158.29	63.8
C	gam	Default	Default	158	158.01	63.9
C	gam	Default	Default	159	157.8	63.9
C	gam	Default	Default	160	157.6	63.95
C	gam	Default	Default	161	157.67	63.9
C	gam	Default	Default	162	157.53	63.95
C	gam	Default	Default	163	157.22	64.05
C	gam	Default	Default	164	156.83	64.15
C	gam	Default	Default	165	156.53	64.25
C	gam	Default	Default	166	156.27	64.25
C	gam	Default	Default	167	156.21	64.2
C	gam	Default	Default	168	156.21	64.15
C	gam	Default	Default	169	155.99	64.2
C	gam	Default	Default	170	156.01	64.15
C	gam	Default	Default	171	155.71	64.2
C	gam	Default	Default	172	155.32	64.4
C	gam	Default	Default	173	155.14	64.45
C	gam	Default	Default	174	155.06	64.4
C	gam	Default	Default	175	154.84	64.5
C	gam	Default	Default	176	154.6	64.55
C	gam	Default	Default	177	154.36	64.6
C	gam	Default	Default	178	154.36	64.65
C	gam	Default	Default	179	154.05	64.65
C	gam	Default	Default	180	153.87	64.7
C	gam	Default	Default	181	153.64	64.7
C	gam	Default	Default	182	153.52	64.7
C	gam	Default	Default	183	153.44	64.7
C	gam	Default	Default	184	153.23	64.8
C	gam	Default	Default	185	152.99	64.9
C	gam	Default	Default	186	152.94	64.85
C	gam	Default	Default	187	152.71	64.9
C	gam	Default	Default	188	152.38	65.05
C	gam	Default	Default	189	152.17	65.1
C	gam	Default	Default	190	151.72	65.2
C	gam	Default	Default	191	151.66	65.2
C	gam	Default	Default	192	151.48	65.2
C	gam	Default	Default	193	151.4	65.25
C	gam	Default	Default	194	151.17	65.3
C	gam	Default	Default	195	150.95	65.35
C	gam	Default	Default	196	150.84	65.3
C	gam	Default	Default	197	150.7	65.35
C	gam	Default	Default	198	150.62	65.35
C	gam	Default	Default	199	150.44	65.4
C	gam	Default	Default	200	150.23	65.4
C	gam	Default	Default	201	150.1	65.45
C	gam	Default	Default	202	150.03	65.5
C	gam	Default	Default	203	149.85	65.55
C	gam	Default	Default	204	149.76	65.55
C	gam	Default	Default	205	149.76	65.55
C	gam	Default	Default	206	149.58	65.6
C	gam	Default	Default	207	149.26	65.7
C	gam	Default	Default	208	149.12	65.75
C	gam	Default	Default	209	149.02	65.7
C	gam	Default	Default	210	148.84	65.7
C	gam	Default	Default	211	148.77	65.7
C	gam	Default	Default	212	148.6	65.7
C	gam	Default	Default	213	148.55	65.7
C	gam	Default	Default	214	148.46	65.7
C	gam	Default	Default	215	148.32	65.7
C	gam	Default	Default	216	148.11	65.75
C	gam	Default	Default	217	148.01	65.75
C	gam	Default	Default	218	147.92	65.75
C	gam	Default	Default	219	147.82	65.75
C	gam	Default	Default	220	147.59	65.85
C	gam	Default	Default	221	147.81	65.8
C	gam	Default	Default	222	147.71	65.8
C	gam	Default	Default	223	147.5	65.85
C	gam	Default	Default	224	147.22	65.9
C	gam	Default	Default	225	147.13	65.9
C	gam	Default	Default	226	146.94	65.9
C	gam	Default	Default	227	146.96	65.9
C	gam	Default	Default	228	146.8	65.9
C	gam	Default	Default	229	146.78	65.85
C	gam	Default	Default	230	146.69	65.85
C	gam	Default	Default	231	146.57	65.9
C	gam	Default	Default	232	146.53	65.9
C	gam	Default	Default	233	146.44	65.9
C	gam	Default	Default	234	146.33	65.9
C	gam	Default	Default	235	146.24	65.9
C	gam	Default	Default	236	146.17	65.9
C	gam	Default	Default	237	146.1	65.9
C	gam	Default	Default	238	145.98	65.9
C	gam	Default	Default	239	145.87	65.9
C	gam	Default	Default	240	145.58	66.0
C	gam	Default	Default	241	145.47	66.0
C	gam	Default	Default	242	145.42	65.95
C	gam	Default	Default	243	145.3	66.0
C	gam	Default	Default	244	145.23	66.0
C	gam	Default	Default	245	145.32	65.95
C	gam	Default	Default	246	145.25	65.95
C	gam	Default	Default	247	145.18	65.95
C	gam	Default	Default	248	145.14	65.95
C	gam	Default	Default	249	145.18	65.95
C	gam	Default	Default	250	145.22	65.95
C	gam	Default	Default	251	145.2	65.85
C	gam	Default	Default	252	145.16	65.85
C	gam	Default	Default	253	145.11	65.85
C	gam	Default	Default	254	145.01	65.85
C	gam	Default	Default	255	144.91	65.85
C	gam	Default	Default	256	144.85	65.85
C	gam	Default	Default	257	144.79	65.85
C	gam	Default	Default	258	144.69	65.85
C	gam	Default	Default	259	144.54	65.9
C	gam	Default	Default	260	144.49	65.85
C	gam	Default	Default	261	144.36	65.9
C	gam	Default	Default	262	144.29	65.9
C	gam	Default	Default	263	144.35	65.85
C	gam	Default	Default	264	144.25	65.85
C	gam	Default	Default	265	144.21	65.85
C	gam	Default	Default	266	144.16	65.85
C	gam	Default	Default	267	144.0	66.0
C	gam	Default	Default	268	143.89	65.9
C	gam	Default	Default	269	143.79	65.9
C	gam	Default	Default	270	143.72	65.9
C	gam	Default	Default	271	143.65	65.9
C	gam	Default	Default	272	143.44	66.0
C	gam	Default	Default	273	143.38	66.0
C	gam	Default	Default	274	143.33	66.0
C	gam	Default	Default	275	143.32	65.95
C	gam	Default	Default	276	143.31	65.9
C	gam	Default	Default	277	143.19	65.9
C	gam	Default	Default	278	143.05	65.95
C	gam	Default	Default	279	143.02	65.95
C	gam	Default	Default	280	142.89	65.95
C	gam	Default	Default	281	142.83	65.95
C	gam	Default	Default	282	142.72	66.0
C	gam	Default	Default	283	142.7	66.0
C	gam	Default	Default	284	142.87	65.95
C	gam	Default	Default	285	142.8	65.95
C	gam	Default	Default	286	142.78	65.95
C	gam	Default	Default	287	142.7	66.0
C	gam	Default	Default	288	142.69	66.0
C	gam	Default	Default	289	142.5	66.05
C	gam	Default	Default	290	142.44	66.05
C	gam	Default	Default	291	142.35	66.05
C	gam	Default	Default	292	142.37	66.0
C	gam	Default	Default	293	142.42	66.0
C	gam	Default	Default	294	142.38	66.0
C	gam	Default	Default	295	142.25	66.0
C	gam	Default	Default	296	142.17	66.0
C	gam	Default	Default	297	142.1	66.0
C	gam	Default	Default	298	142.08	66.0
C	gam	Default	Default	299	142.02	66.0
C	gam	Default	Default	300	141.93	66.1
C	gau	Default	Default	2	377.96	62.7
C	gau	Default	Default	3	369.53	62.6
C	gau	Default	Default	4	365.24	62.6
C	gau	Default	Default	5	363.34	62.5
C	gau	Default	Default	6	362.14	62.5
C	gau	Default	Default	7	361.01	62.55
C	gau	Default	Default	8	360.23	62.55
C	gau	Default	Default	9	359.1	62.6
C	gau	Default	Default	10	358.4	62.65
C	gau	Default	Default	11	357.91	62.75
C	gau	Default	Default	12	357.72	62.75
C	gau	Default	Default	13	357.12	62.8
C	gau	Default	Default	14	356.34	62.85
C	gau	Default	Default	15	355.51	63.0
C	gau	Default	Default	16	355.18	63.05
C	gau	Default	Default	17	354.27	63.15
C	gau	Default	Default	18	353.99	63.3
C	gau	Default	Default	19	352.74	63.5
C	gau	Default	Default	20	351.94	63.6
C	gau	Default	Default	21	351.94	63.55
C	gau	Default	Default	22	351.64	63.65
C	gau	Default	Default	23	351.66	63.65
C	gau	Default	Default	24	350.44	64.0
C	gau	Default	Default	25	349.7	64.1
C	gau	Default	Default	26	349.59	64.15
C	gau	Default	Default	27	349.63	64.1
C	gau	Default	Default	28	348.72	64.25
C	gau	Default	Default	29	349.09	64.25
C	gau	Default	Default	30	349.13	64.35
C	gau	Default	Default	31	347.89	64.55
C	gau	Default	Default	32	346.43	64.8
C	gau	Default	Default	33	346.89	64.7
C	gau	Default	Default	34	345.66	64.95
C	gau	Default	Default	35	345.19	65.0
C	gau	Default	Default	36	345.52	65.0
C	gau	Default	Default	37	345.04	65.05
C	gau	Default	Default	38	344.17	65.2
C	gau	Default	Default	39	344.14	65.35
C	gau	Default	Default	40	343.89	65.45
C	gau	Default	Default	41	343.36	65.55
C	gau	Default	Default	42	342.8	65.65
C	gau	Default	Default	43	343.08	65.55
C	gau	Default	Default	44	342.22	65.8
C	gau	Default	Default	45	341.26	66.0
C	gau	Default	Default	46	341.73	66.05
C	gau	Default	Default	47	341.62	66.05
C	gau	Default	Default	48	340.13	66.35
C	gau	Default	Default	49	340.17	66.3
C	gau	Default	Default	50	339.96	66.4
C	gau	Default	Default	51	339.39	66.5
C	gau	Default	Default	52	338.84	66.6
C	gau	Default	Default	53	338.74	66.65
C	gau	Default	Default	54	337.85	66.9
C	gau	Default	Default	55	336.95	67.1
C	gau	Default	Default	56	336.32	67.3
C	gau	Default	Default	57	335.81	67.4
C	gau	Default	Default	58	335.17	67.55
C	gau	Default	Default	59	333.99	67.85
C	gau	Default	Default	60	332.26	68.25
C	gau	Default	Default	61	332.17	68.25
C	gau	Default	Default	62	331.69	68.3
C	gau	Default	Default	63	329.77	68.9
C	gau	Default	Default	64	328.37	69.3
C	gau	Default	Default	65	328.63	69.3
C	gau	Default	Default	66	328.36	69.3
C	gau	Default	Default	67	328.04	69.45
C	gau	Default	Default	68	327.73	69.5
C	gau	Default	Default	69	326.81	69.65
C	gau	Default	Default	70	325.77	69.9
C	gau	Default	Default	71	325.92	69.85
C	gau	Default	Default	72	324.77	70.3
C	gau	Default	Default	73	323.61	70.55
C	gau	Default	Default	74	324.01	70.55
C	gau	Default	Default	75	323.04	70.7
C	gau	Default	Default	76	323.33	70.65
C	gau	Default	Default	77	322.25	70.95
C	gau	Default	Default	78	321.83	71.1
C	gau	Default	Default	79	321.58	71.2
C	gau	Default	Default	80	321.75	71.15
C	gau	Default	Default	81	320.86	71.4
C	gau	Default	Default	82	319.86	71.7
C	gau	Default	Default	83	319.44	71.8
C	gau	Default	Default	84	319.06	71.8
C	gau	Default	Default	85	319.05	71.85
C	gau	Default	Default	86	318.1	72.05
C	gau	Default	Default	87	316.43	72.5
C	gau	Default	Default	88	317.14	72.4
C	gau	Default	Default	89	316.81	72.6
C	gau	Default	Default	90	315.38	73.0
C	gau	Default	Default	91	314.87	73.15
C	gau	Default	Default	92	314.5	73.25
C	gau	Default	Default	93	314.22	73.45
C	gau	Default	Default	94	313.54	73.65
C	gau	Default	Default	95	312.82	73.85
C	gau	Default	Default	96	311.96	74.1
C	gau	Default	Default	97	311.92	74.15
C	gau	Default	Default	98	311.34	74.35
C	gau	Default	Default	99	310.17	74.75
C	gau	Default	Default	100	309.35	74.95
C	gau	Default	Default	101	309.34	75.0
C	gau	Default	Default	102	309.17	75.1
C	gau	Default	Default	103	308.19	75.4
C	gau	Default	Default	104	307.53	75.55
C	gau	Default	Default	105	306.03	75.95
C	gau	Default	Default	106	305.18	76.15
C	gau	Default	Default	107	304.53	76.4
C	gau	Default	Default	108	302.86	76.9
C	gau	Default	Default	109	303.23	76.85
C	gau	Default	Default	110	302.14	77.2
C	gau	Default	Default	111	301.31	77.45
C	gau	Default	Default	112	300.33	77.75
C	gau	Default	Default	113	299.43	78.1
C	gau	Default	Default	114	298.04	78.5
C	gau	Default	Default	115	297.09	78.75
C	gau	Default	Default	116	296.35	79.15
C	gau	Default	Default	117	295.42	79.45
C	gau	Default	Default	118	294.84	79.65
C	gau	Default	Default	119	294.71	79.85
C	gau	Default	Default	120	294.22	80.05
C	gau	Default	Default	121	293.6	80.2
C	gau	Default	Default	122	292.79	80.4
C	gau	Default	Default	123	292.57	80.5
C	gau	Default	Default	124	291.02	81.0
C	gau	Default	Default	125	290.61	81.2
C	gau	Default	Default	126	290.24	81.35
C	gau	Default	Default	127	289.4	81.55
C	gau	Default	Default	128	288.29	81.9
C	gau	Default	Default	129	287.55	82.15
C	gau	Default	Default	130	286.61	82.45
C	gau	Default	Default	131	285.22	82.9
C	gau	Default	Default	132	285.09	82.95
C	gau	Default	Default	133	283.98	83.35
C	gau	Default	Default	134	282.9	83.8
C	gau	Default	Default	135	282.0	84.15
C	gau	Default	Default	136	281.17	84.5
C	gau	Default	Default	137	273.38	7009.4
C	gau	Default	Default	138	273.49	6883.45
C	gau	Default	Default	139	272.7	6758.35
C	gau	Default	Default	140	270.2	14846.85
C	gau	Default	Default	141	269.36	14742.0
C	gau	Default	Default	142	268.77	14640.35
C	gau	Default	Default	143	267.87	14541.95
C	gau	Default	Default	144	258.25	22075.85
C	gau	Default	Default	145	257.7	21780.55
C	gau	Default	Default	146	256.81	21496.65
C	gau	Default	Default	147	246.14	30422.15
C	gau	Default	Default	148	245.43	30113.7
C	gau	Default	Default	149	244.26	29815.8
C	gau	Default	Default	150	243.81	29513.6
C	gau	Default	Default	151	243.09	29220.3
C	gau	Default	Default	152	241.27	28924.55
C	gau	Default	Default	153	239.96	28643.9
C	gau	Default	Default	154	239.28	28355.65
C	gau	Default	Default	155	238.16	28082.55
C	gau	Default	Default	156	237.54	27813.35
C	gau	Default	Default	157	236.46	27547.5
C	gau	Default	Default	158	235.96	27286.9
C	gau	Default	Default	159	236.25	27031.25
C	gau	Default	Default	160	235.57	26786.15
C	gau	Default	Default	161	235.19	26536.3
C	gau	Default	Default	162	234.68	26300.4
C	gau	Default	Default	163	234.4	26072.9
C	gau	Default	Default	164	232.61	34370.45
C	gau	Default	Default	165	231.79	34132.3
C	gau	Default	Default	166	230.43	33887.95
C	gau	Default	Default	167	228.91	33636.75
C	gau	Default	Default	168	228.0	33391.2
C	gau	Default	Default	169	227.39	33155.15
C	gau	Default	Default	170	226.68	32921.6
C	gau	Default	Default	171	219.43	40105.6
C	gau	Default	Default	172	217.86	39800.35
C	gau	Default	Default	173	217.73	39488.45
C	gau	Default	Default	174	216.75	39178.9
C	gau	Default	Default	175	215.61	38875.25
C	gau	Default	Default	176	215.7	38583.15
C	gau	Default	Default	177	213.54	47655.15
C	gau	Default	Default	178	212.96	47374.05
C	gau	Default	Default	179	212.31	47105.6
C	gau	Default	Default	180	211.72	46836.25
C	gau	Default	Default	181	211.29	46574.3
C	gau	Default	Default	182	210.84	46314.6
C	gau	Default	Default	183	210.28	46060.2
C	gau	Default	Default	184	209.94	45803.45
C	gau	Default	Default	185	207.99	45552.1
C	gau	Default	Default	186	207.08	45310.6
C	gau	Default	Default	187	206.97	45067.2
C	gau	Default	Default	188	206.31	44831.95
C	gau	Default	Default	189	205.61	44598.3
C	gau	Default	Default	190	204.92	44363.9
C	gau	Default	Default	191	198.74	54783.35
C	gau	Default	Default	192	198.09	54514.5
C	gau	Default	Default	193	197.53	54247.7
C	gau	Default	Default	194	197.36	53980.05
C	gau	Default	Default	195	196.92	53711.85
C	gau	Default	Default	196	196.07	53447.35
C	gau	Default	Default	197	195.58	53189.75
C	gau	Default	Default	198	195.06	52938.45
C	gau	Default	Default	199	195.01	52694.6
C	gau	Default	Default	200	194.2	52450.2
C	gau	Default	Default	201	193.91	52212.85
C	gau	Default	Default	202	193.16	51982.8
C	gau	Default	Default	203	191.92	51754.55
C	gau	Default	Default	204	191.48	51528.5
C	gau	Default	Default	205	182.86	62860.5
C	gau	Default	Default	206	181.8	62590.55
C	gau	Default	Default	207	181.62	62328.5
C	gau	Default	Default	208	180.9	62061.9
C	gau	Default	Default	209	179.91	61805.25
C	gau	Default	Default	210	179.34	61552.25
C	gau	Default	Default	211	178.99	61294.45
C	gau	Default	Default	212	178.54	61049.35
C	gau	Default	Default	213	173.92	74800.45
C	gau	Default	Default	214	174.04	74527.65
C	gau	Default	Default	215	173.77	74269.3
C	gau	Default	Default	216	173.51	74014.1
C	gau	Default	Default	217	173.47	73760.9
C	gau	Default	Default	218	173.13	73520.05
C	gau	Default	Default	219	172.43	73291.2
C	gau	Default	Default	220	172.22	73061.65
C	gau	Default	Default	221	170.44	78225.05
C	gau	Default	Default	222	170.15	78028.95
C	gau	Default	Default	223	169.82	77836.85
C	gau	Default	Default	224	169.19	77648.2
C	gau	Default	Default	225	168.36	77464.05
C	gau	Default	Default	226	168.03	77282.5
C	gau	Default	Default	227	167.89	77110.9
C	gau	Default	Default	228	160.13	92648.75
C	gau	Default	Default	229	159.62	92463.8
C	gau	Default	Default	230	159.32	92279.25
C	gau	Default	Default	231	158.97	92094.95
C	gau	Default	Default	232	158.85	91919.3
C	gau	Default	Default	233	152.59	100880.95
C	gau	Default	Default	234	152.17	100648.15
C	gau	Default	Default	235	152.02	100420.35
C	gau	Default	Default	236	151.93	100192.7
C	gau	Default	Default	237	151.68	99966.0
C	gau	Default	Default	238	151.58	99753.3
C	gau	Default	Default	239	151.31	99539.0
C	gau	Default	Default	240	151.23	99329.6
C	gau	Default	Default	241	150.95	99125.7
C	gau	Default	Default	242	150.67	98925.05
C	gau	Default	Default	243	150.2	98730.5
C	gau	Default	Default	244	149.77	98555.8
C	gau	Default	Default	245	149.35	98396.6
C	gau	Default	Default	246	149.28	98241.4
C	gau	Default	Default	247	149.08	98098.05
C	gau	Default	Default	248	148.67	97956.3
C	gau	Default	Default	249	148.36	97811.4
C	gau	Default	Default	250	148.24	97677.95
C	gau	Default	Default	251	148.3	97544.35
C	gau	Default	Default	252	148.06	97411.95
C	gau	Default	Default	253	147.72	97286.7
C	gau	Default	Default	254	147.55	97156.95
C	gau	Default	Default	255	147.46	97043.4
C	gau	Default	Default	256	147.13	96928.1
C	gau	Default	Default	257	147.04	96817.15
C	gau	Default	Default	258	146.6	96703.5
C	gau	Default	Default	259	146.24	96597.55
C	gau	Default	Default	260	145.92	96495.0
C	gau	Default	Default	261	145.74	96401.85
C	gau	Default	Default	262	145.93	96299.35
C	gau	Default	Default	263	144.48	105479.65
C	gau	Default	Default	264	144.06	105401.15
C	gau	Default	Default	265	143.69	105319.2
C	gau	Default	Default	266	143.26	105246.4
C	gau	Default	Default	267	143.02	105171.1
C	gau	Default	Default	268	142.81	105102.95
C	gau	Default	Default	269	142.82	105033.85
C	gau	Default	Default	270	142.34	104964.55
C	gau	Default	Default	271	142.17	104906.15
C	gau	Default	Default	272	141.93	104852.75
C	gau	Default	Default	273	141.26	104798.05
C	gau	Default	Default	274	141.17	104749.5
C	gau	Default	Default	275	140.88	104703.0
C	gau	Default	Default	276	140.28	104685.8
C	gau	Default	Default	277	140.09	104674.85
C	gau	Default	Default	278	139.77	104668.7
C	gau	Default	Default	279	139.59	104665.15
C	gau	Default	Default	280	139.14	104663.0
C	gau	Default	Default	281	139.2	104670.05
C	gau	Default	Default	282	139.03	104672.7
C	gau	Default	Default	283	138.85	104685.4
C	gau	Default	Default	284	138.53	104730.15
C	gau	Default	Default	285	127.18	130823.2
C	gau	Default	Default	286	126.82	130853.05
C	gau	Default	Default	287	126.78	130892.05
C	gau	Default	Default	288	126.45	130918.4
C	gau	Default	Default	289	126.23	130949.05
C	gau	Default	Default	290	126.08	130978.6
C	gau	Default	Default	291	125.81	131010.65
C	gau	Default	Default	292	125.4	131051.3
C	gau	Default	Default	293	125.17	131084.05
C	gau	Default	Default	294	124.99	131119.9
C	gau	Default	Default	295	124.55	131170.35
C	gau	Default	Default	296	124.42	131220.25
C	gau	Default	Default	297	124.16	131262.75
C	gau	Default	Default	298	124.05	131320.5
C	gau	Default	Default	299	123.69	131375.6
C	gau	Default	Default	300	123.56	131430.35
C	hyb	Default	Default	2	386.17	62.7
C	hyb	Default	Default	3	367.4	62.65
C	hyb	Default	Default	4	357.73	62.6
C	hyb	Default	Default	5	352.44	62.6
C	hyb	Default	Default	6	347.94	62.75
C	hyb	Default	Default	7	345.81	62.75
C	hyb	Default	Default	8	343.7	62.75
C	hyb	Default	Default	9	342.65	62.7
C	hyb	Default	Default	10	341.16	62.75
C	hyb	Default	Default	11	339.78	62.85
C	hyb	Default	Default	12	338.78	62.85
C	hyb	Default	Default	13	337.52	62.95
C	hyb	Default	Default	14	336.26	63.05
C	hyb	Default	Default	15	335.32	63.2
C	hyb	Default	Default	16	334.28	63.3
C	hyb	Default	Default	17	333.59	63.35
C	hyb	Default	Default	18	332.57	63.45
C	hyb	Default	Default	19	331.44	63.6
C	hyb	Default	Default	20	329.49	64.0
C	hyb	Default	Default	21	329.42	63.95
C	hyb	Default	Default	22	329.6	63.85
C	hyb	Default	Default	23	327.91	64.05
C	hyb	Default	Default	24	327.35	64.3
C	hyb	Default	Default	25	327.42	64.2
C	hyb	Default	Default	26	325.97	64.5
C	hyb	Default	Default	27	324.94	64.65
C	hyb	Default	Default	28	325.15	64.65
C	hyb	Default	Default	29	323.15	65.05
C	hyb	Default	Default	30	322.0	65.25
C	hyb	Default	Default	31	322.27	65.2
C	hyb	Default	Default	32	321.13	65.45
C	hyb	Default	Default	33	319.42	65.9
C	hyb	Default	Default	34	318.43	66.1
C	hyb	Default	Default	35	318.21	66.1
C	hyb	Default	Default	36	316.25	66.55
C	hyb	Default	Default	37	315.23	66.7
C	hyb	Default	Default	38	315.28	66.85
C	hyb	Default	Default	39	314.65	66.9
C	hyb	Default	Default	40	313.7	67.15
C	hyb	Default	Default	41	313.71	67.1
C	hyb	Default	Default	42	311.65	67.55
C	hyb	Default	Default	43	310.98	67.65
C	hyb	Default	Default	44	309.82	67.95
C	hyb	Default	Default	45	308.98	68.2
C	hyb	Default	Default	46	307.0	68.65
C	hyb	Default	Default	47	305.73	69.0
C	hyb	Default	Default	48	306.72	68.8
C	hyb	Default	Default	49	305.91	68.9
C	hyb	Default	Default	50	304.11	69.3
C	hyb	Default	Default	51	303.58	69.4
C	hyb	Default	Default	52	303.84	69.4
C	hyb	Default	Default	53	302.87	69.65
C	hyb	Default	Default	54	302.78	69.6
C	hyb	Default	Default	55	301.35	70.0
C	hyb	Default	Default	56	300.59	70.1
C	hyb	Default	Default	57	299.69	70.35
C	hyb	Default	Default	58	298.68	70.6
C	hyb	Default	Default	59	298.58	70.6
C	hyb	Default	Default	60	298.41	70.85
C	hyb	Default	Default	61	296.59	71.35
C	hyb	Default	Default	62	295.48	71.7
C	hyb	Default	Default	63	295.59	71.65
C	hyb	Default	Default	64	295.04	71.75
C	hyb	Default	Default	65	293.25	72.35
C	hyb	Default	Default	66	291.81	72.85
C	hyb	Default	Default	67	291.09	73.15
C	hyb	Default	Default	68	290.49	73.35
C	hyb	Default	Default	69	289.45	73.7
C	hyb	Default	Default	70	288.49	73.95
C	hyb	Default	Default	71	286.34	74.6
C	hyb	Default	Default	72	285.52	74.85
C	hyb	Default	Default	73	284.76	74.95
C	hyb	Default	Default	74	283.35	75.65
C	hyb	Default	Default	75	282.17	76.0
C	hyb	Default	Default	76	281.41	76.25
C	hyb	Default	Default	77	280.57	76.65
C	hyb	Default	Default	78	279.04	77.05
C	hyb	Default	Default	79	276.88	77.85
C	hyb	Default	Default	80	276.34	77.95
C	hyb	Default	Default	81	274.9	78.6
C	hyb	Default	Default	82	274.28	78.8
C	hyb	Default	Default	83	273.63	78.9
C	hyb	Default	Default	84	273.04	79.1
C	hyb	Default	Default	85	270.44	80.4
C	hyb	Default	Default	86	270.38	80.45
C	hyb	Default	Default	87	268.39	81.15
C	hyb	Default	Default	88	268.18	81.2
C	hyb	Default	Default	89	266.77	81.7
C	hyb	Default	Default	90	265.3	82.4
C	hyb	Default	Default	91	264.32	82.8
C	hyb	Default	Default	92	263.76	82.95
C	hyb	Default	Default	93	262.23	83.45
C	hyb	Default	Default	94	261.13	84.1
C	hyb	Default	Default	95	261.24	84.15
C	hyb	Default	Default	96	260.48	84.3
C	hyb	Default	Default	97	258.86	84.9
C	hyb	Default	Default	98	257.75	85.7
C	hyb	Default	Default	99	257.16	85.9
C	hyb	Default	Default	100	255.01	87.15
C	hyb	Default	Default	101	254.26	87.5
C	hyb	Default	Default	102	253.41	87.7
C	hyb	Default	Default	103	252.03	88.25
C	hyb	Default	Default	104	251.2	88.65
C	hyb	Default	Default	105	249.96	89.05
C	hyb	Default	Default	106	248.78	89.85
C	hyb	Default	Default	107	248.27	90.05
C	hyb	Default	Default	108	246.87	90.85
C	hyb	Default	Default	109	246.48	90.75
C	hyb	Default	Default	110	240.87	6472.4
C	hyb	Default	Default	111	240.17	6236.55
C	hyb	Default	Default	112	239.56	6012.75
C	hyb	Default	Default	113	236.29	15315.9
C	hyb	Default	Default	114	235.61	15141.65
C	hyb	Default	Default	115	235.26	14968.2
C	hyb	Default	Default	116	234.79	14796.4
C	hyb	Default	Default	117	233.92	14632.45
C	hyb	Default	Default	118	216.91	35313.15
C	hyb	Default	Default	119	216.52	35029.95
C	hyb	Default	Default	120	216.03	34753.3
C	hyb	Default	Default	121	214.48	34490.75
C	hyb	Default	Default	122	214.1	34230.2
C	hyb	Default	Default	123	213.94	33978.3
C	hyb	Default	Default	124	213.17	33735.0
C	hyb	Default	Default	125	211.97	33502.0
C	hyb	Default	Default	126	211.96	33272.45
C	hyb	Default	Default	127	211.27	33049.05
C	hyb	Default	Default	128	211.01	32837.85
C	hyb	Default	Default	129	210.73	32631.45
C	hyb	Default	Default	130	209.35	32438.2
C	hyb	Default	Default	131	207.8	32248.55
C	hyb	Default	Default	132	207.1	32059.85
C	hyb	Default	Default	133	205.06	31888.8
C	hyb	Default	Default	134	204.56	31717.7
C	hyb	Default	Default	135	196.14	44609.6
C	hyb	Default	Default	136	194.72	44444.15
C	hyb	Default	Default	137	194.19	44287.65
C	hyb	Default	Default	138	193.96	44127.35
C	hyb	Default	Default	139	193.55	43983.15
C	hyb	Default	Default	140	192.71	43848.35
C	hyb	Default	Default	141	192.41	43718.15
C	hyb	Default	Default	142	192.28	43594.9
C	hyb	Default	Default	143	191.45	43474.5
C	hyb	Default	Default	144	191.0	43354.5
C	hyb	Default	Default	145	190.92	43249.95
C	hyb	Default	Default	146	190.71	43140.6
C	hyb	Default	Default	147	189.86	43043.4
C	hyb	Default	Default	148	188.75	42945.05
C	hyb	Default	Default	149	186.85	42858.85
C	hyb	Default	Default	150	186.7	42771.9
C	hyb	Default	Default	151	181.75	50565.9
C	hyb	Default	Default	152	181.66	50426.15
C	hyb	Default	Default	153	180.68	50289.2
C	hyb	Default	Default	154	179.85	50158.1
C	hyb	Default	Default	155	179.44	50036.3
C	hyb	Default	Default	156	178.36	49914.6
C	hyb	Default	Default	157	177.68	49801.2
C	hyb	Default	Default	158	177.41	49684.2
C	hyb	Default	Default	159	176.8	49578.85
C	hyb	Default	Default	160	176.24	49474.35
C	hyb	Default	Default	161	175.78	49381.45
C	hyb	Default	Default	162	175.65	49286.0
C	hyb	Default	Default	163	174.75	49198.0
C	hyb	Default	Default	164	172.67	58003.9
C	hyb	Default	Default	165	172.09	57918.95
C	hyb	Default	Default	166	171.98	57843.75
C	hyb	Default	Default	167	167.1	73407.25
C	hyb	Default	Default	168	161.39	86388.25
C	hyb	Default	Default	169	160.56	86322.35
C	hyb	Default	Default	170	159.76	86258.7
C	hyb	Default	Default	171	159.69	86185.45
C	hyb	Default	Default	172	159.46	86121.65
C	hyb	Default	Default	173	159.36	86064.8
C	hyb	Default	Default	174	158.55	86010.35
C	hyb	Default	Default	175	157.8	85946.5
C	hyb	Default	Default	176	157.23	85901.95
C	hyb	Default	Default	177	156.55	85852.9
C	hyb	Default	Default	178	156.42	85794.0
C	hyb	Default	Default	179	156.0	85738.1
C	hyb	Default	Default	180	155.35	85689.4
C	hyb	Default	Default	181	155.25	85643.3
C	hyb	Default	Default	182	154.91	85601.25
C	hyb	Default	Default	183	154.38	85555.85
C	hyb	Default	Default	184	154.1	85518.25
C	hyb	Default	Default	185	153.51	85477.8
C	hyb	Default	Default	186	153.12	85443.3
C	hyb	Default	Default	187	152.77	85412.4
C	hyb	Default	Default	188	146.32	95093.5
C	hyb	Default	Default	189	139.9	108565.45
C	hyb	Default	Default	190	139.37	108491.5
C	hyb	Default	Default	191	139.18	108420.6
C	hyb	Default	Default	192	138.97	108361.05
C	hyb	Default	Default	193	138.96	108300.9
C	hyb	Default	Default	194	138.34	108237.05
C	hyb	Default	Default	195	138.0	108180.45
C	hyb	Default	Default	196	137.68	108127.8
C	hyb	Default	Default	197	137.23	108075.1
C	hyb	Default	Default	198	136.78	108071.9
C	hyb	Default	Default	199	136.06	108081.65
C	hyb	Default	Default	200	135.54	108079.85
C	hyb	Default	Default	201	135.34	108090.25
C	hyb	Default	Default	202	134.77	108109.2
C	hyb	Default	Default	203	136.05	96540.85
C	hyb	Default	Default	204	135.98	96595.65
C	hyb	Default	Default	205	135.33	96649.5
C	hyb	Default	Default	206	134.9	96714.4
C	hyb	Default	Default	207	134.7	96774.75
C	hyb	Default	Default	208	134.46	96831.05
C	hyb	Default	Default	209	134.06	96894.8
C	hyb	Default	Default	210	133.77	96957.75
C	hyb	Default	Default	211	133.46	97032.25
C	hyb	Default	Default	212	133.08	97110.05
C	hyb	Default	Default	213	132.87	97187.6
C	hyb	Default	Default	214	132.76	97279.05
C	hyb	Default	Default	215	132.44	97348.85
C	hyb	Default	Default	216	132.23	97411.95
C	hyb	Default	Default	217	131.88	97479.0
C	hyb	Default	Default	218	131.22	97554.9
C	hyb	Default	Default	219	130.97	97630.6
C	hyb	Default	Default	220	130.64	97711.95
C	hyb	Default	Default	221	130.04	97797.5
C	hyb	Default	Default	222	129.98	97877.65
C	hyb	Default	Default	223	129.72	97945.55
C	hyb	Default	Default	224	129.41	98014.3
C	hyb	Default	Default	225	128.2	98095.25
C	hyb	Default	Default	226	129.36	89814.2
C	hyb	Default	Default	227	129.23	89892.0
C	hyb	Default	Default	228	129.08	89982.15
C	hyb	Default	Default	229	128.69	90073.6
C	hyb	Default	Default	230	128.54	90142.6
C	hyb	Default	Default	231	128.31	90217.35
C	hyb	Default	Default	232	128.1	90293.65
C	hyb	Default	Default	233	119.27	106727.9
C	hyb	Default	Default	234	118.97	106817.85
C	hyb	Default	Default	235	118.73	106913.95
C	hyb	Default	Default	236	118.52	107000.45
C	hyb	Default	Default	237	117.94	107094.8
C	hyb	Default	Default	238	117.83	107182.25
C	hyb	Default	Default	239	117.75	107272.35
C	hyb	Default	Default	240	117.45	107369.1
C	hyb	Default	Default	241	117.12	107469.8
C	hyb	Default	Default	242	116.62	107611.65
C	hyb	Default	Default	243	116.32	107774.95
C	hyb	Default	Default	244	116.05	107946.4
C	hyb	Default	Default	245	115.92	108117.55
C	hyb	Default	Default	246	115.83	108282.45
C	hyb	Default	Default	247	115.72	108444.0
C	hyb	Default	Default	248	115.64	108612.5
C	hyb	Default	Default	249	115.51	108778.1
C	hyb	Default	Default	250	115.39	108948.45
C	hyb	Default	Default	251	115.18	109124.9
C	hyb	Default	Default	252	114.77	109289.6
C	hyb	Default	Default	253	114.61	109463.8
C	hyb	Default	Default	254	114.35	109633.75
C	hyb	Default	Default	255	114.18	109804.85
C	hyb	Default	Default	256	108.57	134405.35
C	hyb	Default	Default	257	108.42	134599.1
C	hyb	Default	Default	258	107.81	134798.85
C	hyb	Default	Default	259	107.72	134991.85
C	hyb	Default	Default	260	106.82	135193.45
C	hyb	Default	Default	261	106.74	135379.2
C	hyb	Default	Default	262	106.61	135575.6
C	hyb	Default	Default	263	106.49	135755.4
C	hyb	Default	Default	264	106.4	135952.7
C	hyb	Default	Default	265	105.36	136142.35
C	hyb	Default	Default	266	105.31	136323.3
C	hyb	Default	Default	267	105.22	136510.15
C	hyb	Default	Default	268	103.39	148566.1
C	hyb	Default	Default	269	103.2	148740.35
C	hyb	Default	Default	270	103.03	148921.6
C	hyb	Default	Default	271	102.94	149093.7
C	hyb	Default	Default	272	102.8	149286.95
C	hyb	Default	Default	273	102.71	149490.55
C	hyb	Default	Default	274	102.71	149689.2
C	hyb	Default	Default	275	97.89	165344.55
C	hyb	Default	Default	276	97.83	165569.35
C	hyb	Default	Default	277	94.79	179105.9
C	hyb	Default	Default	278	94.66	179359.85
C	hyb	Default	Default	279	95.91	170320.9
C	hyb	Default	Default	280	95.83	170584.65
C	hyb	Default	Default	281	95.72	170844.0
C	hyb	Default	Default	282	95.64	171106.6
C	hyb	Default	Default	283	95.55	171359.3
C	hyb	Default	Default	284	95.44	171620.45
C	hyb	Default	Default	285	95.32	171870.55
C	hyb	Default	Default	286	92.4	189449.2
C	hyb	Default	Default	287	87.37	206891.35
C	hyb	Default	Default	288	87.29	207126.45
C	hyb	Default	Default	289	84.27	216222.65
C	hyb	Default	Default	290	85.38	207957.75
C	hyb	Default	Default	291	85.34	208208.7
C	hyb	Default	Default	292	85.3	208463.5
C	hyb	Default	Default	293	85.26	208722.8
C	hyb	Default	Default	294	85.22	208980.0
C	hyb	Default	Default	295	85.13	209226.0
C	hyb	Default	Default	296	84.85	209471.05
C	hyb	Default	Default	297	84.81	209720.55
C	hyb	Default	Default	298	84.77	209957.4
C	hyb	Default	Default	299	84.71	210209.45
C	hyb	Default	Default	300	84.65	210455.4
